plateNo,carBrand
鲁B62B23,江淮卡车
鲁BR059K,大众家用车
鲁UT6504,大众出租车
鲁BR757N,宝马
鲁BV0Y21,大众家用车
鲁BV0Y21,大众家用车
鲁BC285F,长安面包车
鲁CNZ930,大众家用车
鲁UT1551,大众出租车
鲁B93728,起亚
鲁BK8P52,大众家用车
鲁B267JM,起亚
鲁B30E21,起亚
鲁BK2606,公交车
闽AKG626,公交车
闽AKG626,公交车
陕A969CT,东风面包车
鲁BQ211Q,雪佛兰
鲁BQ201Q,别克
鲁BM537Y,雪铁龙
鲁UT9768,大众出租车
鲁BVH771,五菱
鲁BK0X72,奥迪
鲁UN6387,福田大卡
鲁UN6387,福田大卡
鲁UQ5550,东风面包车
鲁B52J92,日产
鲁BW799W,本田
鲁BV110D,丰田
鲁BY2509,雪佛兰
鲁BV8K25,长安面包车
鲁BPF220,日产
鲁BL139T,江淮
鲁B0907学,大众出租车
鲁H1W736,现代
鲁BS7179,黄牌卡车
鲁B529FG,起亚
鲁B972J6,奇瑞
鲁BU9E92,丰田
鲁B185MY,宝马
鲁UY8131,大众家用车
鲁UT0419,大众出租车
鲁YVF512,五菱
鲁BP277C,比亚迪
鲁BP277C,比亚迪
鲁BL681V,丰田
鲁BK2Q05,五菱
鲁UN3597,福田小卡
鲁B3EA07,起亚
鲁UT2744,大众出租车
鲁B77S68,丰田
鲁BX365H,五菱
鲁BS667R,福田小卡
鲁BFH997,奇瑞
鲁BFH997,奇瑞
鲁BV5F73,现代
鲁BA662N,江铃
鲁BH196U,东风面包车
鲁B307DM,雪佛兰
鲁BR3G28D,金杯卡车
鲁B6L529,奇瑞
鲁BM860M,东风
鲁UT4338,大众出租车
鲁BN0Y62,福田小卡
鲁BWX023,现代
鲁UT7812,大众出租车
吉BEN839,大众出租车
鲁BS7P30,长城
鲁BS920M,五菱
鲁BT1237,大众出租车
鲁BU919X,起亚
鲁BV136J,福田大卡
鲁BY188P,其他
鲁BY188P,其他
鲁BT0156,大众出租车
吉F53999,黄牌大巴
鲁BG6887,黄牌大巴
鲁B859C2,五菱
鲁B25E39,五菱
鲁BV8Q77,荣威
鲁BD9E83,本田
鲁BUS566,现代
鲁BA5S15,福田小卡
鲁BA5S15,福田小卡
鲁BMW552,比亚迪
津BK7739,现代
鲁BV3X65,起亚
鲁UT5803,大众出租车
鲁BV105T,五菱
鲁BC702G,五菱
鲁B117JX,马自达
鲁B018AA,福特
鲁BX599L,马自达
苏H1B906,大众家用车
鲁UT5947,大众出租车
鲁BA8X18,大众家用车
鲁BT1630,大众出租车
鲁B766AT,丰田
鲁BS3N05,雪佛兰
鲁B097BS,奥迪
鲁B3F716,大众家用车
鲁BF8187,黄牌卡车
鲁UT5462,大众出租车
鲁G7557T,别克商务车
鲁B113J2,奇瑞
鲁B73D81,哈飞
鲁BXS752,现代
鲁BXS752,现代
鲁BF3J16,福特
鲁BY289K,长城
鲁B753F9,长安面包车
鲁BX773Q,日产
鲁BX773Q,日产
鲁VJW318,标致
鲁BV7787,黄牌卡车
鲁B3U801,五菱
鲁JXX559,福特
鲁LKH899,长安
鲁B86X50,荣威
鲁BH2M35,本田
鲁B0CK61,日产
鲁F26620,现代
鲁B275H3,日产
鲁B36990,黄牌大巴
鲁BJ9Y77,本田
鲁BP3Y11,五菱
鲁UT3729,大众出租车
鲁BG622V,奇瑞
京ADMW2717,黄牌卡车
京P35078,丰田
鲁BK1938,黄牌卡车
鲁BK6E22,五菱
鲁F21671,黄牌大巴
鲁L83982,福田大卡
鲁B2EN77,长安面包车
鲁B380MN,其他
鲁BM3A68,雪铁龙
鲁B858E3,长安面包车
鲁B00B83,雪佛兰
鲁BQ6722,黄牌卡车
鲁BE0D12,五菱
鲁UT6121,大众出租车
鲁UT0063,大众出租车
鲁BQ4683,福特
鲁BQ4683,福特
鲁BU329T,丰田
鲁BJ356S,福田大卡
鲁B959JN,东风面包车
鲁BFV525,其他
鲁UT4332,大众出租车
鲁BEE368,五菱
鲁BWQ919,本田
鲁BAD575,其他
冀T33253,黄牌卡车
豫NBG520,宝马
鲁BV806N,江淮
鲁B36E87,一汽卡车
鲁Q969F6,本田
鲁BP156X,五菱
鲁BU8772,江铃
鲁BU8772,江铃
鲁UT7167,大众出租车
鲁BSN563,五菱
鲁B232G9,江淮面包车
鲁B232G9,江淮面包车
鲁B232G9,江淮面包车
鲁BN176E,东风面包车
鲁BA2E21,起亚
京N40C77,日产越野车
陕A63J02,现代
鲁BC0E56,马自达
鲁UT6304,大众出租车
鲁B99M07,五菱
鲁BG2076,黄牌大巴
鲁B95L77,东风
鲁B681GC,宝马
鲁B681GC,宝马
鲁B700HM,雪佛兰
鲁B7DD96,江淮卡车
鲁BE7U87,长安面包车
鲁BE663G,雪佛兰
鲁BU025K,日产
鲁BCU330,别克
鲁VD996A,其他
鲁BR393Y,马自达
京N3X810,现代
鲁UT5487,大众出租车
鲁BU522M,长安面包车
粤AL0M92,比亚迪
粤AL0M92,比亚迪
鲁BR539S,福田小卡
鲁B006BG,福特
鲁BY018U,丰田
鲁B907K8,雪铁龙
鲁BG222V,比亚迪
鲁BY699T,起亚
鲁UT1250,大众出租车
鲁BF982C,丰田
鲁UT0309,大众出租车
鲁BS5S50,铃木
鲁B82S16,五菱
鲁BN6S60,其他
鲁BN6S60,其他
鲁UT0743,大众出租车
鲁S00556,大众出租车
鲁B68D21,丰田
鲁B68D21,丰田
鲁BT0925,大众出租车
鲁BP125K,起亚
鲁BD3A86,一汽面包车
鲁LEL122,现代
鲁LEL122,现代
鲁LEL122,现代
鲁BH770W,东风面包车
鲁B6Q619,标致
鲁BN9922,黄牌卡车
鲁QY091L,五菱
鲁G83935,黄牌卡车
鲁B8CV17,大众家用车
鲁BP133X,比亚迪
豫DK43656,黄牌大巴
云ABV533E,哈飞
鲁BNS282,长安面包车
鲁BJ639B,比亚迪
鲁BX058W,比亚迪
鲁G70053,黄牌大巴
鲁UT2561,大众出租车
鲁BQU757,奇瑞
鲁B026F6,现代
鲁BES675,五菱
鲁BP189E,江淮卡车
鲁BP189E,江淮卡车
鲁A297CX,五菱
鲁FU2092,黄牌大巴
鲁HGF209,五菱
鲁JKY580,标致
鲁JKY580,标致
鲁BP0209,黄牌卡车
鲁BN6T77,福田大卡
鲁BC698U,东风面包车
鲁BM199C,长安面包车
鲁B303FQ,福特
鲁B880T8,大众家用车
鲁YM3257,大众家用车
鲁UTQ083,大众出租车
鲁BDD020,标致
闽AGK630,日产
鲁BS968L,日产越野车
鲁BCK992,福田大卡
鲁BE3K69,丰田
鲁BUF316,丰田
鲁BS5802,黄牌卡车
鲁A529T3,长安面包车
鲁BP815E,奇瑞
鲁BT0645,大众出租车
鲁Q690AH,长安面包车
鲁B17Q39,长安面包车
鲁B375K9,福田大卡
鲁BG3T11,起亚
鲁BG3T11,起亚
鲁BU6507,黄牌卡车
鲁BVH561,日产
鲁BR6G02,江淮面包车
鲁BR6G02,江淮面包车
鲁U98259,公交车
鲁BU7X69,日产越野车
鲁BU7X69,日产越野车
鲁BK1J76,福田小卡
鲁BC631G,长安面包车
鲁UT7696,大众出租车
鲁B3A879,本田
鲁BK1U67,雪铁龙
鲁BA7R30,大众家用车
鲁BA7R30,大众家用车
鲁K45783,黄牌大巴
鲁B138MD,宝马
鲁BK792M,大众家用车
鲁B308QR,起亚
鲁BX611P,长安面包车
鲁B8BV58,现代
鲁BK610H,其他
鲁BK610H,其他
鲁B690BM,大众出租车
鲁BE631F,别克
鲁BU127C,东风面包车
鲁BX991G,长安面包车
鲁BE395T,起亚
鲁BX577T,本田
鲁BD6V79,大众家用车
鲁BV593H,起亚
鲁BF3D03,起亚
鲁G866B6,丰田
鲁G866B6,丰田
鲁B119FR,长城
鲁BK0X72,别克
鲁UT9769,大众出租车
鲁BA2W92,丰田
鲁U74598,金杯卡车
鲁BB618G,荣威
鲁GJ605W,五菱
鲁BT1501,大众出租车
鲁UT6959,大众出租车
鲁B3BP16,福特
鲁B889CM,铃木
鲁BXQ169,奥迪
鲁BY063K,起亚
鲁B80L36,五菱
鲁BS620X,现代越野车
鲁BG0390,黄牌大巴
鲁BRR823,东风面包车
鲁UT7213,大众出租车
鲁BC2P02,福田小卡
鲁B50X28,别克
鲁BX396K,别克
鲁BM8R95,长安面包车
沪JH0026,大众家用车
鲁B75E12,长安面包车
鲁B7CB81,别克
鲁BP828M,长城
鲁BJ9D61,其他
鲁BJ9D61,其他
鲁B099S8,现代
鲁V96330,大众家用车
鲁V96330,大众家用车
鲁UN8078,丰田
鲁BN315D,现代
鲁BN315D,现代
鲁BG5133,黄牌卡车
鲁B860FK,五菱
鲁B85E02,雪佛兰
鲁BBA805,福特
闽C2E036,起亚
鲁BM137P,别克
鲁BL6D22,日产
鲁BL6D22,日产
鲁BNK399,马自达
鲁BNK399,马自达
鲁BE059K,五菱
鲁B800PU,其他
鲁GM8816,黄牌卡车
鲁B082K9,金杯面包车
鲁UT2999,大众出租车
鲁BR939M,福特
鲁UT5055,大众出租车
鲁B29E76,东风
鲁BE7M26,本田
鲁YDN050,标致
鲁YDN050,标致
鲁UA5968,东风面包车
鲁UA5968,东风面包车
鲁BL512G,金杯卡车
鲁BQ805N,别克
鲁UT0110,大众出租车
鲁BRR133,起亚
鲁BLL670,别克
鲁BR090F,一汽面包车
鲁BR090F,一汽面包车
鲁F20531,黄牌大巴
鲁BY577Y,东风面包车
鲁BP2315,公交车
鲁BM786D,金杯面包车
鲁B5CN09,长安面包车
鲁BF636P,雪佛兰
鲁B6W583,其他
鲁UD3051,福特
鲁BN2J76,福田大卡
鲁BS686G,其他
鲁BX578K,五菱
京N579C2,大众出租车
京N579C2,大众出租车
鲁B57Y97,长安面包车
鲁BQ805N,奥迪
鲁BR6A88,奥迪
鲁BK7H72,现代越野车
鲁BG258S,哈飞
鲁BG258S,哈飞
鲁BL7G75,五菱
鲁BC2W58,起亚
鲁B38030,金杯面包车
鲁BX596C,起亚
鲁B573N2,东风面包车
鲁BLQ893,丰田
鲁BLQ893,丰田
鲁BJ8109,黄牌卡车
鲁B277EM,五菱
鲁BBR296,奥迪
苏FG9572,五菱
鲁BDN812,起亚
鲁UT5305,大众出租车
鲁B6BS80,大众家用车
鲁FM1888,黄牌大巴
鲁B662C0,五菱
鲁BRD715,标致
鲁B8EP88,标致
鲁BS860T,长城
鲁BHE367,大众出租车
鲁VY0103,大众家用车
鲁B137SC,大众家用车
豫N59151,黄牌卡车
鲁BG902D,福特面包车
鲁B5BA50,起亚
鲁LGF099,比亚迪
鲁BE9X69,五菱
鲁BD8K67,大众家用车
鲁BD8K67,大众家用车
鲁BV357W,比亚迪
鲁BV357W,比亚迪
川JUT7175,大众出租车
鲁BB3H58,起亚
鲁BY9L60,起亚
鲁BSY396,长安面包车
鲁UT3593,长安面包车
鲁BGM350,现代面包车
京QA6G71,别克商务车
鲁B355V0,标致
鲁BQ5A08,东风面包车
鲁BLW720,本田
鲁BH5G28,丰田
鲁BK2G39,现代
鲁B993H8,马自达
鲁BP2390,公交车
鲁B80K01,起亚
鲁BD065D,大众家用车
鲁B1H571,马自达
鲁BBU209,丰田
鲁BQ9098,黄牌大巴
鲁BS6127,黄牌卡车
鲁BM379W,雪佛兰
鲁BF2F78,别克
鲁BVH333,奇瑞
鲁BY6P70,福特
鲁BLQ069,起亚
鲁SH2079,别克商务车
鲁B0EP29,福田大卡
鲁B0EP29,福田大卡
鲁BU3616,大众家用车
鲁A027EH,大众出租车
鲁A027EH,大众出租车
鲁UTQ136,大众出租车
鲁BA9L08,雪佛兰
鲁BK001S,长安面包车
鲁BAN328,别克
鲁BH638A,奥迪
鲁UT2316,大众出租车
鲁BU3G37,长城
鲁B12R65,福特
鲁B806SY,日产越野车
鲁V3T177,中华
鲁BC370X,福田大卡
鲁BC370X,福田大卡
鲁BC3P56,五菱
鲁BSS926,奇瑞
鲁BY3K36,东风面包车
鲁BG951J,金杯面包车
鲁B19C58,日产越野车
鲁B19C58,日产越野车
鲁UT6539,大众出租车
鲁BQ2T70,大众出租车
鲁B603W7,一汽面包车
鲁R9L622,一汽面包车
鲁B73B56,东风面包车
吉AG317H,本田
鲁UF0398,福特
鲁BM6232,黄牌卡车
鲁BW7Q18,五菱
鲁B800SQ,福特
鲁BQ9T50,现代
鲁BWY091,本田
鲁B933D1,长安面包车
鲁B086HN,日产
鲁BT0524,大众出租车
鲁BYT819,本田
鲁UT7560,大众出租车
鲁UN6783,日产
鲁BUT216,大众家用车
鲁BUT216,大众家用车
鲁B517MU,现代
鲁BG333Y,其他
鲁BP8300,黄牌大巴
鲁B0EL71,长安面包车
鲁BR699H,东风卡车
鲁UT5150,大众出租车
鲁B829G8,大众出租车
鲁B829G8,大众出租车
鲁UN9099,雪佛兰
鲁BHM898,起亚
鲁B38158,黄牌卡车
鲁B350RV,奔驰
鲁B350RV,奔驰
鲁B350RV,奔驰
鲁FUF173,日产越野车
鲁B563S1,长安面包车
川UT9711,大众出租车
鲁BH951Q,丰田
鲁BN5600,公交车
鲁B1DU27,公交车
鲁B516E0,别克商务车
鲁BC130N,现代
鲁BT1105,大众出租车
鲁B698GE,雪佛兰
鲁BT1025,大众出租车
鲁BJ9G91,五菱
鲁BT1288,大众出租车
鲁BW860W,五菱
鲁BT8380,黄牌卡车
黑CJ2869,大众家用车
鲁BW623B,起亚
鲁BC1Q79,丰田
鲁B2AY36,一汽面包车
鲁B1AM98,哈飞
鲁BA056N,东风面包车
鲁BA503F,长安面包车
鲁BNY723,比亚迪
鲁BNY723,比亚迪
鲁B106KP,福特
鲁BB606G,别克
鲁BGY507,别克
鲁BE7017,黄牌卡车
鲁CWQ167,大众出租车
鲁CWQ167,大众出租车
鲁B136M9,别克
鲁B025NY,现代
鲁BWP330,现代
鲁BR1D23,荣威
鲁B9S375,大众出租车
鲁A188EA,现代
鲁BK1J8E,五菱
鲁B80F21,福特
鲁BC9J90,长安面包车
鲁BH0Q59,福特
鲁UT9980,大众出租车
鲁UT6779,大众出租车
鲁BG396F,东风面包车
苏H44G64,丰田
苏H44G64,丰田
鲁BF3N30,丰田
鲁B20R29,雪佛兰
鲁BSK895,金杯卡车
鲁BSK895,金杯卡车
鲁BT1003,福特
鲁GQG580,大众出租车
鲁B317BS,长安面包车
鲁B356M8,比亚迪
鲁BS2603,黄牌卡车
鲁B621EE,奥迪
鲁B621EE,奥迪
鲁BN8N10,福田大卡
鲁B752LY,福特
鲁B069LR,江淮面包车
鲁B069LR,江淮面包车
鲁BA230K,奥迪
鲁F28359,黄牌大巴
鲁B88Q99,日产
鲁BEB858,五菱
鲁B6DA13,长安面包车
鲁UN1767,东风面包车
鲁B652CH,大众家用车
鲁B2J668,丰田
鲁UP0822,别克
鲁Q370F6,福田小卡
鲁BY9P83,东风面包车
鲁鲁BCG771,金杯卡车
鲁鲁BCG771,金杯卡车
鲁BJ995V,大众出租车
鲁BJ995V,大众出租车
鲁BF6D79,雪铁龙
鲁BJ590U,比亚迪
鲁B108GG,奇瑞
鲁BQ535W,东风面包车
鲁U31590,其他
鲁UT1601,大众出租车
鲁BB019T,别克
鲁BA9L76,雪铁龙
鲁UT1648,大众出租车
鲁BX162C,长安面包车
鲁BMN168,其他
鲁BMN168,其他
鲁BEY907,雪铁龙
鲁BCB905,铃木
鲁BB8W07,本田
鲁B5EC35,江淮面包车
鲁B5EC35,江淮面包车
鲁B2DA17,福田小卡
鲁B2DA17,福田小卡
鲁BA7S69,日产
鲁GD0867,黄牌大巴
鲁UT7577,大众出租车
鲁B5BT58,长城
鲁N37776,黄牌卡车
鲁BS6P31,比亚迪
鲁BS6P31,比亚迪
鲁BS6P31,比亚迪
鲁B731V8,比亚迪
鲁UP1300,江淮面包车
鲁UP1300,江淮面包车
吉A031L8,中华
吉A031L8,中华
吉A031L8,中华
鲁BD7V85,日产
鲁B872GD,福特
鲁B7J953,长安面包车
鲁UT0809,大众出租车
鲁B105V8,其他
鲁BR8311,黄牌大巴
鲁B395LN,大众家用车
鲁B37C20,大众家用车
鲁BKW113,本田
鲁GK753J,福田小卡
鲁B271N3,丰田
鲁BQF936,现代
鲁UT3708,大众出租车
鲁B633DK,起亚
鲁BH322U,江铃
鲁BH322U,江铃
鲁B759FV,起亚
鲁BT1490,大众出租车
鲁BR511Y,长城
鲁BP391S,日产越野车
鲁BY002P,本田
鲁BL3T59,别克
鲁BA926T,长安面包车
鲁B3L683,雪佛兰
鲁B17353,黄牌大巴
鲁B572T2,奇瑞
闽BM6222,本田
鲁BK992V,五菱
鲁UT5972,大众出租车
鲁BSY039,大众家用车
鲁B823Y7,大众出租车
鲁BR1E92,雪佛兰
鲁BN5D18,雪佛兰
鲁UQ3397,其他
鲁B559JK,宝马
鲁FF1391,长安面包车
鲁BC297Q,福田小卡
鲁B020GQ,比亚迪
鲁BM019C,丰田
鲁BN7B50,大众家用车
鲁BK9730,金杯面包车
鲁BFB923,五菱
鲁BXQ811,东风面包车
闽BW9658,奥迪
鲁B209P6,比亚迪
鲁BC926Q,长安面包车
鲁BC211S,比亚迪
鲁BF101K,长城
吉A23H45,奔驰
鲁BA2E21,起亚
鲁B1473学,黄牌大巴
鲁BH7W53,本田
鲁B56215,黄牌卡车
鲁B7Q908,日产
鲁BG1623,日产
鲁B691GM,标致
鲁B617T2,日产
鲁BHN356,别克
豫JNG990,一汽面包车
鲁B930H7,东风面包车
鲁BP9591,黄牌卡车
鲁BP292E,福田小卡
鲁QN196C1,标致
鲁B7CF70,雪佛兰
鲁B75H79,五菱
鲁B5CK75,别克
鲁B563N7,现代越野车
鲁B130L7,五菱
鲁BS313V,长安
鲁B223M8,长安面包车
鲁UT0331,大众出租车
鲁BL1P38,五菱
鲁B589JR,丰田
鲁B069LR,江淮面包车
鲁B069LR,江淮面包车
鲁B9E763,五菱
鲁U56087,大众家用车
鲁BML927,其他
鲁BJ8V29,长安面包车
鲁BW7M61,福田小卡
鲁B288BV,起亚
鲁BP2650,公交车
鲁BT1506,大众出租车
鲁BNL689,现代
鲁UT6896,大众出租车
鲁BV3778,黄牌大巴
鲁BHD095,奇瑞
鲁BT0690,大众出租车
鲁BR2L82,比亚迪
鲁B569W8,奇瑞
鲁BY851K,福田大卡
鲁UU9737,本田
鲁B861X2,江铃
鲁BW6T20,现代
鲁B20S18,起亚
川BS2081,黄牌卡车
鲁B578W3,江淮
鲁BL2998,宝马
鲁BQ651G,福特
鲁BV091B,大众出租车
鲁BV091B,大众出租车
鲁B532B1,现代面包车
鲁B532B1,现代面包车
鲁UT9716,大众出租车
鲁B12G68,长安面包车
鲁BU7Q11,大众家用车
鲁B6CB05,五菱
鲁BP9096,黄牌卡车
鲁BYL311,现代
鲁B27E39,长安面包车
鲁BG5793,黄牌卡车
鲁BU3866,黄牌卡车
鲁F28396,黄牌大巴
苏A4915G,五菱
鲁BRQ111,奇瑞
鲁B61G37,东风面包车
鲁B398S8,长安面包车
鲁BY721E,丰田
鲁B71A60,江淮
鲁B139QF,起亚
鲁BB5Q69,江淮
鲁BV5W38,江淮卡车
鲁BU5T77,起亚
鲁U56987,长安面包车
鲁BWE670,奇瑞
鲁BWL931,大众家用车
鲁BQ651G,大众家用车
鲁BY9F26,丰田
鲁UE0823,福特
鲁B323BL,雪佛兰
鲁BY0D69,日产越野车
鲁BC2X23,金杯面包车
鲁BSU258,其他
鲁BL7Y88,起亚
鲁UT2845,大众出租车
鲁BU661L,东风面包车
鲁B5CJ19,黄牌卡车
鲁B5CJ19,黄牌卡车
鲁B1AS83,江淮面包车
鲁B1AS83,江淮面包车
鲁BW963Q,金杯面包车
鲁UT1978,大众出租车
鲁UT3706,大众出租车
鲁LW5153,五菱
鲁BH558M,日产越野车
鲁LN7013,别克
鲁BY566C,其他
鲁R18E82,江淮
鲁BL0D83,奔驰
鲁BL0D83,奔驰
鲁B228D7,现代越野车
鲁BL363P,现代
鲁UT1150,大众出租车
鲁B013E2,五菱
鲁E27621,黄牌卡车
鲁K80725,黄牌大巴
鲁BC7M30,长安面包车
鲁UT5620,大众出租车
鲁FP0850,黄牌大巴
鲁B00J21,现代
鲁B3B956,现代
鲁B319HP,江淮
鲁UT0935,大众出租车
鲁UT3759,大众出租车
鲁UT6735,大众出租车
鲁GM8502,黄牌卡车
鲁BV6T71,奇瑞
鲁K489501,黄牌大巴
鲁U98327,公交车
鲁UT5495,大众出租车
鲁B7DG98,江铃
鲁BX793K,大众出租车
鲁BX793K,大众出租车
鲁V85380,江淮卡车
鲁BV708F,现代
鲁BM8N81,丰田
鲁BR2P29,起亚
鲁B995AM,别克
鲁BY3M36,别克
鲁B267JM,起亚
鲁UT3366,大众出租车
鲁B5CY85,长安面包车
鲁BU5199,别克
鲁BP770F,别克
鲁BJV762,现代
鲁B199PD,大众出租车
鲁UT1613,大众出租车
鲁UT5836,大众出租车
鲁BY676W,大众家用车
鲁UT5247,大众出租车
鲁BL336M,起亚
鲁新U1125,大众出租车
鲁BB5U10,本田
鲁BP089P,长安面包车
鲁B09H05,江淮
鲁B0714学,大众家用车
鲁B225JH,大众家用车
鲁BD890T,马自达
鲁BVQ179,本田
鲁BU3K13,东风
鲁U63916,金杯面包车
鲁BX188B,起亚
鲁VS627D,起亚
鲁B217A8,比亚迪
鲁B605T2,海马
鲁B605T2,海马
鲁BW886P,福特
鲁BY719U,东风面包车
鲁FFK985,比亚迪
鲁BB2L38,雪佛兰
鲁UF5752,现代
鲁BY123U,东风面包车
鲁U60286,其他
鲁BV1F92,别克商务车
鲁BV1F92,别克商务车
鲁B9R210,江铃
鲁UT5063,大众出租车
鲁QP071U,五菱
鲁BG1598,黄牌大巴
鲁VBQ925,雪铁龙
鲁BH662Q,现代
鲁UT7923,大众出租车
鲁BP5016,长安面包车
鲁B93G86,丰田
鲁BJ2S75,东风面包车
鲁AC2603,黄牌卡车
鲁BU5D35,五菱
鲁UT9685,大众出租车
鲁BV6665,黄牌卡车
鲁BH202S,大众出租车
鲁BV529L,大众家用车
鲁UT4535,大众出租车
豫PX7008,五菱
鲁BCA796,别克
鲁UT1959,大众出租车
鲁BRU178,五菱
京KH1199,别克商务车
鲁BH7S55,其他
鲁BC181V,长安面包车
鲁BQ922Y,长安面包车
鲁B532Q7,五菱
鲁BP327L,雪佛兰
鲁BN3985,公交车
鲁FA2862,黄牌卡车
鲁BHS869,长安面包车
鲁BQ2658,黄牌大巴
鲁BG5N37,东风面包车
鲁B083C8,现代
鲁BQ8882,公交车
鲁B620JW,日产
鲁B3CC26,日产
鲁BA971B,日产
鲁BU8R07,现代
鲁B20F06,五菱
鲁BP821N,福田小卡
鲁BC2T88,日产越野车
鲁PYM033,其他
鲁BV919X,大众家用车
鲁UN1018,别克
鲁B376H6,比亚迪
鲁BN702C,其他
鲁BN702C,其他
鲁B1AJ59,五菱
鲁BDL066,日产
鲁B006W0,其他
鲁BP7215,雪铁龙
京N5Q970,奥迪
鲁B7AX20,福特
鲁EL9971,福特
鲁B826PQ,别克
鲁B167Q2,现代
鲁VB698Y,长安面包车
鲁UW1111,奔驰
鲁BM067W,大众家用车
鲁BM067W,大众家用车
鲁B7AN20,其他
鲁B7AN20,其他
鲁B9BG76,别克
鲁BN0Y62,福田小卡
鲁BN783M,别克
鲁BU769H,别克
鲁UE1626,别克
鲁Q0723B,黄牌卡车
鲁BQ751T,东风面包车
鲁BQ751T,东风面包车
鲁BR388G,金杯卡车
鲁新P6968,长安面包车
鲁RAU985,五菱
鲁B016M1,东风卡车
鲁B016M1,东风卡车
鲁BFN518,别克
鲁UT0505,大众出租车
鲁B57U66,大众家用车
鲁B6A219,金杯卡车
鲁BHX669,日产
鲁BG201R,现代
鲁B17C79,现代
鲁BU122B,五菱
鲁BN708B,别克
鲁BG3530,黄牌大巴
鲁B069KM,奇瑞
鲁B069KM,奇瑞
鲁鲁BV931G,五菱
鲁BR1231,东风面包车
鲁BK6K29,比亚迪
京QPR718,奥迪
鲁BA3F59,马自达
鲁BV2598,公交车
鲁BF6G60,五菱
鲁B81D30,起亚
鲁B5DK52,长安面包车
鲁BS1237,黄牌大巴
鲁BR3208,黄牌大巴
鲁BJC993,大众出租车
鲁BV383F,大众家用车
鲁BY355C,起亚
鲁B1U979,别克
鲁B1U979,别克
鲁B9C665,丰田
鲁UT5616,大众出租车
鲁B2U512,其他
鲁BL9886,黄牌卡车
鲁BB078D,日产
鲁B521C81,其他
鲁BZ0327,别克商务车
鲁B808RF,福特
鲁E9H456,大众出租车
鲁B596QJ,别克
鲁B166FL,日产
鲁YD6892,大众家用车
鲁YD6892,大众家用车
鲁BX530W,宝马
鲁BWT936,黄牌卡车
鲁Y8K677,金杯卡车
鲁Y8K677,金杯卡车
鲁BWN065,其他
鲁B61G75,马自达
鲁B61G75,马自达
鲁UT2907,大众出租车
鲁BJ815V,现代
鲁B3BY81,黄牌卡车
鲁B780GF,别克
鲁BW029W,福特面包车
鲁BQ6213,黄牌卡车
鲁BC9B36,大众家用车
鲁BK2606,公交车
鲁BP069A,别克商务车
鲁B11Y01,五菱
鲁U64697,长安面包车
鲁BT1612,大众出租车
鲁BU275L,比亚迪
鲁BU275L,比亚迪
鲁BW616B,江淮
鲁BE798V,长安面包车
鲁B063H7,大众家用车
鲁BH8582,黄牌卡车
鲁B2R727,丰田
鲁BM605Q,大众家用车
鲁BAT723,奇瑞
鲁BG7S63,长安面包车
鲁U99187,金杯卡车
鲁BV0G22,起亚
鲁BF878U,长安面包车
鲁SGH663,比亚迪
鲁BS605S,丰田
鲁BLS511,长安面包车
鲁B239RR,宝马
鲁BR5E91,金杯面包车
黑NE8376,其他
鲁BK360L,五菱
鲁BN8097,大众出租车
鲁BYQ001,比亚迪
鲁BR837N,起亚
鲁B096GE,别克
鲁BYU882,长安面包车
鲁BC6H87,五菱
鲁B689P1,长安面包车
鲁BM383X,东风面包车
鲁BBA805,福特
鲁B6R687,现代
鲁BP2680,公交车
鲁BJ520P,日产越野车
鲁BV897W,起亚
鲁BUK036,五菱
鲁B167RL,别克
鲁BQ073C,现代
鲁UT2846,大众出租车
鲁BPY568,大众家用车
鲁BPY568,大众家用车
鲁UT0388,大众出租车
鲁BV2X65,长安面包车
鲁B596G0,大众出租车
鲁BD0D19,现代
鲁B39780,黄牌卡车
鲁ABT757,长城
鲁BJ3205,黄牌卡车
鲁BU1Y87,长城
鲁B3CY36,日产
鲁UT4017,大众出租车
鲁BBS815,大众出租车
鲁B9F285,别克
鲁BWG897,比亚迪
鲁BRU039,五菱
鲁BK8A52,东风面包车
鲁R32A86,雪铁龙
鲁BK592K,现代越野车
鲁BK592K,现代越野车
鲁BK592K,现代越野车
鲁BQ968C,大众家用车
冀AU1778,黄牌卡车
鲁UT9165,大众出租车
鲁E8539D,大众家用车
鲁UT2957,大众出租车
鲁FB1105,黄牌大巴
鲁UY7692,雪铁龙
鲁UY7692,雪铁龙
鲁BR379N,五菱
鲁B7U137,本田
鲁B7EN33,五菱
鲁BR7878,黄牌卡车
鲁UT9956,大众出租车
鲁BK050C,长城
鲁BVJ001,五菱
鲁BDV178,起亚
鲁B769JK,丰田
鲁NTR303,福特
鲁NTR303,福特
鲁UT1979,大众出租车
鲁B779RU,宝马
鲁ADW902,起亚
鲁B11B39,长安面包车
鲁B539P61,东风面包车
鲁UT1659,大众出租车
鲁B891MW,别克商务车
鲁B891MW,别克商务车
鲁BQ8Y36,其他
鲁UP0519,长安面包车
鲁B376FE,东风面包车
鲁BS3Y62,福田大卡
鲁UT1200,大众出租车
鲁UY6595,其他
鲁UY6595,其他
鲁B48999,黄牌卡车
鲁BA3J58,雪佛兰
鲁B5AA39,长安面包车
鲁BE902Y,起亚
鲁B59L82,其他
鲁B207V8,长安
鲁BL575A,金杯面包车
鲁UQ9005,本田
鲁BX851Q,福田大卡
鲁BU3852,黄牌卡车
鲁B916R8,其他
鲁B916R8,其他
鲁UT1331,大众出租车
鲁BY123S,五菱
鲁LX2125,五菱
鲁BC6W38,起亚
鲁BX373G,江铃
鲁UT3838,大众出租车
鲁UT4780,大众出租车
鲁BX6B06,起亚
鲁UT9981,大众出租车
鲁B560CD,标致
鲁B560CD,标致
鲁BY521M,长安面包车
鲁BA528B,福特
鲁BK866P,东风面包车
鲁B83S58,荣威
鲁B9A060,日产
鲁B86M27,五菱
鲁UN6293,雪铁龙
吉AG317H,本田
鲁B016V8,别克
鲁B706N6,大众家用车
鲁UT3688,大众出租车
鲁BP278L,现代
晋B79312,黄牌卡车
鄂J8H683,现代
鲁BN8103,黄牌大巴
鲁UT4485,大众出租车
鲁B389J1,长安面包车
鲁B389J1,长安面包车
鲁BCR981,五菱
鲁B1F987,日产
鲁B757FR,本田
鲁BY329Q,本田
鲁BB7W90,福田小卡
鲁B1J901,别克
鲁BE680Y,大众家用车
鲁BE680Y,大众家用车
鲁BVD078,福田小卡
鲁PQD388L,福田大卡
鲁B68M88,别克
鲁B8N882,大众家用车
鲁BR7753,黄牌大巴
鲁UT0077,大众出租车
鲁B770KW,丰田
鲁BP5E26,雪佛兰
鲁UT3997,大众出租车
鲁B8BT79,福特
粤B0AL37,大众家用车
鲁B32V63,福田小卡
鲁LJ9863,福田大卡
鲁B605KK,起亚
鲁BGK382,福田小卡
鲁B69T90,江淮卡车
鲁BPK577,江淮卡车
鲁BJ818P,别克商务车
鲁BE566G,铃木
鲁B6F277,丰田
鲁BN8W33,丰田
鲁B25U11,日产
鲁BU1T98,长安面包车
鲁B2AD86,江铃
鲁BYR510,别克
鲁BE327X,江淮
鲁BT0601,大众出租车
鲁VD537S,日产
鲁B8C373,马自达
鲁B953CC,别克商务车
鲁B2DY37,福特
鲁RKV898,奇瑞
鲁BF091A,现代
鲁Q0307A,黄牌大巴
鲁B627N9,东风面包车
鲁BJ892S,东风面包车
鲁BS9D02,别克
鲁BXQ969,本田
鲁BU651B,五菱
鲁BH7890,黄牌卡车
鲁B8CS85,奇瑞
鲁B8CS85,奇瑞
鲁BJ526C,五菱
鲁BH192Q,五菱
鲁UT5440,大众出租车
鲁BE995H,福田小卡
鲁BC376J,福特
鲁BY063K,起亚
鲁B782A1,福田小卡
鲁B782A1,福田小卡
鲁YT5993,雪铁龙
鲁UT2604,大众出租车
鲁BH7W53,大众出租车
鲁BT0250,大众出租车
鲁BG396X,别克
鲁BQ8L68,大众家用车
鲁BPM853,五菱
鲁UT4357,大众出租车
鲁F23503,黄牌大巴
鲁LA7888,黄牌大巴
鲁BA9K60,长安面包车
鲁BE717R,现代
鲁BP0970,黄牌卡车
鲁BM962C,长安面包车
鲁B3CC26,日产
鲁B20W63,长安面包车
鲁BF871X,大众家用车
鲁BF871X,大众家用车
鲁FAJ725,长安面包车
鲁BD8R39,起亚
鲁B979SA,奥迪
鲁BY069U,长城
鲁BE2E38,日产
鲁B239HB,大众家用车
鲁BS997X,现代
鲁BG163W,别克
鲁BG163W,别克
鲁B9AP69,金杯面包车
鲁B2CG58,长安面包车
鲁B9BU16,大众家用车
鲁BVP615,雪佛兰
鲁B821LB,起亚
鲁BQ3528,黄牌卡车
鲁BEY862,雪佛兰
鲁B25120,公交车
鲁UT5298,大众出租车
鲁UT7200,大众出租车
鲁B7J575,五菱
鲁UT6631,大众出租车
鲁BU6551,雪铁龙
鲁BGK227,起亚
鲁F21613,黄牌大巴
鲁BX8N21,长安面包车
鲁BY355C,起亚
鲁BN033G,五菱
鲁B526RT,日产
鲁B526RT,日产
鲁D73639,黄牌卡车
鲁B17505,别克
鲁BT1291,大众出租车
鲁S38697,黄牌卡车
鲁BY6A58,别克
鲁UT7673,大众出租车
鲁U90555,本田
鲁BSQ356,海马
鲁B855FY,长安面包车
鲁BX116E,长安面包车
鲁BL3L26,黄牌卡车
鲁BVB235,雪佛兰
鲁B088JH,本田
鲁B5BY02,福田大卡
鲁BR017H,黄牌大巴
鲁BR017H,黄牌大巴
鲁BK071E,福田小卡
鲁BN311Q,别克
苏CDD032,奥迪
鲁BK156W,起亚
鲁B6R360,丰田
鲁BM9R06,长安面包车
鲁B097CA,本田
鲁BD021R,大众家用车
鲁VG279U,长安面包车
鲁BL6A26,福田小卡
鲁BL6A26,福田小卡
鲁BXX870,丰田
鲁BFU052,马自达
鲁BSG020,丰田
鲁B7EN72,东风面包车
鲁B38F85,福田小卡
鲁UT5611,大众出租车
鲁BJ861D,大众出租车
鲁BH361J,大众家用车
鲁BU067B,福特
鲁B1DU27,别克商务车
鲁BT1629,大众出租车
鲁FDA066,雪铁龙
鲁B89H33,奇瑞
鲁B5DJ25,长城
鲁JJ1533,雪佛兰
鲁UT6836,大众出租车
鲁LA9818,黄牌大巴
鲁K32602,黄牌卡车
鲁B1EF96,大众家用车
鲁UT5154,大众出租车
鲁BU1F93,江淮面包车
鲁BU1F93,江淮面包车
鲁BU1F93,江淮面包车
鲁BY176P,福田小卡
鲁BY176P,福田小卡
鲁BQ3U11,马自达
鲁BQ3U11,马自达
鲁BN1822,黄牌卡车
鲁BBA805,福特
鲁VL966J,奥迪
鲁BG6T26,五菱
鲁B77V89,奥迪
鲁B3BN79,长安面包车
鲁BW098X,江淮
鲁BB8F06,别克
鲁BS5522,黄牌卡车
鲁BK8E86,奇瑞
鲁B991ET,本田
鲁B80E02,五菱
鲁B8DG26,长城
鲁B791V8,江淮
鲁BW5H61,福特
鄂J2F005,本田
鲁BX9C18,东风面包车
苏F277HF,长城
鲁BT0075,大众出租车
鲁UT2278,大众出租车
鲁BX958T,比亚迪
鲁BGY591,别克
鲁BX320Q,日产
鲁B7C187,别克商务车
鲁B7C187,别克商务车
鲁BQ6E76,福田小卡
鲁BY8U65,日产越野车
鲁BL7J58,大众出租车
鲁B658H7,现代越野车
鲁B7C897,大众出租车
鲁BV3J15,福田大卡
鲁BK0521,黄牌卡车
鲁UT7958,大众出租车
鲁BA078E,别克
鲁BS618T,福田大卡
鲁BT0583,大众出租车
鲁BD1G21,五菱
鲁B116CE,福特
鲁VG931G,江淮
鲁GK230A,五菱
鲁UT5531,大众出租车
鲁UT2411,大众出租车
鲁BW6P69,哈飞
鲁BW6P69,哈飞
鲁QA2531,黄牌大巴
鲁BK7P26,别克
鲁K29266,黄牌卡车
豫EWH826,现代越野车
豫EWH826,现代越野车
鲁BN7X78,荣威
鲁BL5R01,福田大卡
鲁BM6663,黄牌卡车
鲁BH788L,长安面包车
鲁B718EB,比亚迪
鲁B718EB,比亚迪
鲁BU087T,东风卡车
鲁BU087T,东风卡车
鲁BVQ803,长城
京N3MU33,五菱
鲁BA828Y,长城
鲁A15E03,大众出租车
鲁B7CF70,雪佛兰
鲁GG900P,现代
鲁B39129,金杯面包车
鲁BN7L25,五菱
鲁UT9785,大众出租车
鲁U51301,别克
鲁BM332Y,别克
鲁BQ136T,日产
鲁UT1346,大众出租车
鲁BN673C,江淮
鲁UU8652,马自达
鲁BM611W,大众家用车
鲁B2CV38,中华
鲁UT1995,大众出租车
鲁B93J61,大众家用车
鲁UT5923,大众出租车
鲁BA9D87,日产
鲁B327DD,大众家用车
鲁B871D2,比亚迪
鲁B12238,金杯面包车
鲁B12238,金杯面包车
鲁BP679E,本田
鲁UT6070,大众出租车
鲁B5AN10,五菱
鲁BT1269,大众出租车
鲁B131V8,大众家用车
辽D3798B,大众家用车
鲁B3H219,其他
鲁B361N9,起亚
鲁UT2083,大众出租车
鲁BXE001,大众家用车
鲁UT0917,大众出租车
鲁B73V83,丰田
鲁BD178D,铃木
鲁BH972U,本田
鲁BV389U,大众出租车
鲁BG0965,大众出租车
鲁BP3E07,别克
鲁B8BG96,标致
鲁B8BG96,标致
鲁BU827C,奔驰
鲁UL8668,奥迪
鲁B3R987,大众家用车
鲁BL507J,日产
鲁BR9P16,别克
鲁UT7595,大众出租车
鲁BQ108J,长安面包车
鲁B178U8,荣威
鲁BV5885,黄牌卡车
鲁B70283,五菱
鲁S38610,黄牌卡车
鲁BJQ670,日产
鲁BFW069,雪铁龙
鲁B527LG,雪铁龙
鲁BVY626,日产越野车
吉ASJ278,大众家用车
鲁BL0187,黄牌卡车
鲁B182M3,长安面包车
鲁B71J09,现代
鲁UQ9252,别克
鲁BXT732,现代
鲁K49979,黄牌大巴
鲁B2DF09,五菱
鲁B637R6,五菱
鲁BQ7A93,奇瑞
鲁BD918S,五菱
鲁BV010J,福特
鲁UT1059,大众出租车
鲁QL3781,五菱
鲁BX861Q,现代
鲁B800G2,标致
鲁B800G2,标致
鲁BB6F08,铃木
鲁B511PQ,奥迪
鲁B377DB,丰田
鲁BP592U,五菱
鲁BG956X,五菱
鲁BQH807,五菱
鲁BJ819J,雪铁龙
鲁BJ819J,雪铁龙
鲁BSN021,五菱
鲁B7H506,马自达
鲁B202E0,东风卡车
鲁B202E0,东风卡车
鲁B976QQ,别克
鲁BA953F,五菱
鲁B7CD87,标致
鲁BS226S,五菱
鲁BA7E62,别克商务车
鲁B20F91,五菱
鲁B80L95,五菱
鲁BF992L,丰田
鲁BM178C,丰田
鲁UTQ031,大众出租车
鲁BLM693,大众家用车
鲁B0BT66,别克
鲁BT0118,大众出租车
鲁BCK155,奇瑞
鲁BCK155,奇瑞
鲁BCK155,奇瑞
鲁UT9766,大众出租车
鲁B768MD,丰田
鲁B93038,长城
鲁B93038,长城
鲁LJ7980,长安面包车
鲁BS209S,福特
鲁BP529M,起亚
冀A7716U,本田
鲁BT0397,大众出租车
鲁BL285N,大众出租车
鲁BB610N,丰田
鲁BR0K55,福特
鲁AU726J,大众出租车
鲁AU726J,大众出租车
鲁B192DL,日产越野车
鲁BY753V,现代
鲁L28591,黄牌卡车
鲁BS0253,公交车
鲁BG0H56,大众家用车
鲁BG0H56,大众家用车
鲁BW9U86,现代
鲁BU1V71,五菱
鲁BYY366,本田
鲁Q39K89,丰田
鲁BSL321,哈飞
鲁BSL321,哈飞
鲁UT4403,大众出租车
鲁B9CP63,长安面包车
鲁BG2A80,大众出租车
鲁BS307F,现代
鲁B1AC17,五菱
鲁B53D76,五菱
鲁B81W27,荣威
鲁QME938,福田大卡
鲁QME938,福田大卡
鲁BJ633U,长安面包车
鲁BP281E,别克商务车
鲁QA3091,黄牌大巴
鲁B225CP,别克
鲁D82892,黄牌卡车
鲁E3Y005,大众家用车
鲁BK0X96,雪佛兰
鲁BDS851,长安面包车
鲁BS3768,黄牌卡车
鲁BNF635,起亚
鲁BNF635,起亚
鲁BFX369,福特
鲁UT5770,大众出租车
鲁BN7W63,现代
鲁B8AM23,雪铁龙
鲁FC6837,黄牌卡车
鲁UT3882,大众出租车
鲁B1EF96,大众出租车
鲁EBK093,雪佛兰
鲁BQ775F,其他
鲁GB3199,黄牌卡车
鲁GB3199,黄牌卡车
鲁B9N093,起亚
鲁BW387L,别克
鲁LAE806,江淮卡车
鲁LAE806,江淮卡车
鲁B923E7,其他
鲁BA090E,起亚
鲁BT7961,黄牌卡车
鲁BD6Y98,现代
鲁BV823P,其他
鲁BU197D,起亚
鲁BU6M33,其他
鲁B3AC62,福田大卡
鲁BG3D60,雪佛兰
鲁BT0100,大众出租车
鲁B356C7,铃木
鲁UT0149,大众出租车
鲁B57D72,起亚
鲁BE928G,雪佛兰
鲁BH0H13,别克
鲁B989LB,别克
鲁UT0094,大众出租车
鲁RW108U,五菱
鲁BUX711,江铃
鲁BB9366,黄牌大巴
鲁BL885S,现代
鲁BG2211,黄牌卡车
鲁B66S68,五菱
鲁BR5N70,大众家用车
鲁BR5N70,大众家用车
鲁BP3L39,马自达
鲁BM1309,黄牌大巴
鲁UT9166,大众出租车
鲁B5CB56,雪佛兰
鲁BJG928,雪佛兰
鲁BJG928,雪佛兰
鲁BG5A58,长城
鲁BC3W56,现代
粤XAM585,现代
鲁BG0330,黄牌大巴
鲁BY839B,东风面包车
鲁BP110G,福特
鲁GQG580,日产
鲁B106HU,福特
苏G19961,黄牌大巴
鲁B09X99,福特
鲁BY722C,现代
鲁UT4882,大众出租车
鲁B81T97,五菱
鲁B1X9211,长安面包车
鲁BS7C15,丰田
鲁BQ9366,丰田
鲁BP6E12,其他
鲁BS637P,别克
鲁B578GB,奥迪
豫N57816,黄牌卡车
鲁BKL877,丰田
鲁BV2R60,本田
鲁LCK611,奇瑞
鲁LCK611,奇瑞
鲁B207U6,丰田
鲁B207U6,丰田
鲁B026F6,现代
鲁BL7V65,荣威
鲁B77M67,荣威
鲁BY221P,长安面包车
鲁B9BK36,大众家用车
鲁B9BK36,大众家用车
鲁VP790X,标致
鲁B679TG,长城
鲁B916AD,日产
鲁NA8898,黄牌大巴
鲁BN316C,现代
鲁BE320H,日产
鲁B262EX,日产越野车
鲁B317Q3,五菱
鲁B6F253,五菱
鲁BH8879,黄牌卡车
鲁BW695N,长安面包车
鲁B81N85,五菱
鲁BFD208,别克
鲁AWK993,现代越野车
鲁U72998,奥迪
鲁B87U12,本田
鲁BC702G,福特
鲁BNH833,雪佛兰
鲁BV985Y,一汽面包车
鲁B582GL,长城
鲁B6G563,其他
京HJ9922,大众家用车
鲁B50D91,大众家用车
鲁B50D91,大众家用车
鲁B87V85,五菱
鲁B921SM,本田
鲁BBJ713,其他
鲁UT2576,大众出租车
冀DA7907,黄牌卡车
鲁B3CV19,大众出租车
鲁B3CV19,大众出租车
鲁BU821U,福田小卡
鲁BC319V,长安面包车
鲁BP315W,奔驰
鲁B13531,别克
鲁BU157B,东风
鲁BU362C,丰田
鲁BS7P85,日产
鲁B89A97,大众家用车
鲁B89A97,大众家用车
鲁BU2B86,一汽卡车
鲁BN8S18,标致
鲁BN8S18,标致
鲁BN5593,公交车
鲁UT7483,大众出租车
鲁B2BG58,福特
鲁BP1N62,大众家用车
鲁BP1N62,大众家用车
鲁BG0333,黄牌大巴
鲁BN9E86,东风卡车
鲁BF271P,别克
冀J5Q359,其他
鲁BF6656,黄牌卡车
京N3X810,现代
鲁B559B0,长安面包车
鲁BF7G58,其他
鲁BW663Y,长安面包车
鲁B39657,黄牌卡车
鲁BP2325,公交车
鲁B896PM,雪佛兰
鲁BW996G,丰田
鲁BE7P13,福田小卡
鲁B057N2,五菱
鲁B386FD,江淮
鲁B602DH,福特
鲁BUQ082,其他
鲁BGU063,中华
鲁BM6S29,其他
鲁UT3361,大众出租车
鲁BH053X,奇瑞
鲁BH053X,奇瑞
鲁BT1530,大众出租车
鲁LCM239,别克
鲁BX9K59,江淮卡车
鲁BN6W53,长安面包车
鲁B995E8,雪佛兰
鲁B898MP,雪佛兰
鲁UT2125,大众出租车
鲁BU1C29,日产
鲁BJ759C,马自达
鲁BJ759C,马自达
鲁BN5608,公交车
鲁B75709,大众出租车
鲁B75709,大众出租车
鲁BG961F,长城
鲁B57B55,长安面包车
鲁BL3V95,江淮
鲁BX393S,福田小卡
鲁YC0961,黄牌卡车
鲁B39752,黄牌卡车
鲁U02970,奥迪
鲁BHM621,比亚迪
鲁S33697,黄牌卡车
鲁BS633J,宝马
鲁BS0280,公交车
鲁B099E0,福田大卡
鲁BU105D,比亚迪
鲁BB911L,东风面包车
鲁BRR079,本田
鲁UT6322,大众出租车
鲁SB9976,长安面包车
鲁QA3799,黄牌大巴
鲁BW2K33,长安面包车
鲁B00N35,别克
鲁BQ567N,五菱
贵JB7929,东风面包车
鲁BY577Y,东风面包车
鲁BFD369,本田
苏HF9571,黄牌卡车
鲁BR311H,东风面包车
苏GKN069,长城
苏GKN069,长城
鲁B661Y6,现代
鲁U16821,其他
豫R61G81,五菱
鲁BH055U,福田大卡
鲁BH055U,福田大卡
鲁F28367,黄牌大巴
鲁BK3Y53,长安面包车
鲁BH7L63,长安面包车
鲁BS5P36,金杯卡车
鲁B879N1,起亚
皖AME770,日产
鲁BP919K,江淮
鲁B48025,黄牌卡车
鲁UL7855,马自达
鲁B7E500,福特
鲁UT6959,大众出租车
鲁YLQ776,大众出租车
鲁UT5952,大众出租车
鲁BV899B,日产
鲁BHX867,宝马
鲁QX775W,雪佛兰
鲁BR007Y,金杯面包车
鲁BK0920,黄牌卡车
鲁B37S26,东风面包车
鲁B37S26,东风面包车
鲁BA132P,五菱
鲁B915F1,其他
鲁B7AK27,大众出租车
鲁B7AK27,大众出租车
鲁BB069E,五菱
鲁UT6280,大众出租车
鲁G531H9,雪佛兰
鲁B62968,江淮
鲁B7R555,别克
鲁BY139Y,现代越野车
鲁BS860W,奇瑞
粤B6XF28,长城
鲁B590F8,现代越野车
鲁B590F8,现代越野车
鲁BJ092E,大众家用车
鲁BJ092E,大众家用车
鲁U87280,江淮面包车
鲁U87280,江淮面包车
鲁BNM757,起亚
鲁B027M8,大众家用车
鲁UT9520,大众出租车
鲁BL783S,大众家用车
鲁BL783S,大众家用车
鲁BS6109,公交车
鲁BT0389,大众出租车
鲁B9DA07,长安面包车
鲁BK3598,福田大卡
鲁BK3598,福田大卡
鲁BD2E11,日产
鲁Q061T6,五菱
鲁B157P3,别克商务车
鲁BN6111,黄牌卡车
鲁B3AB31,五菱
冀D86329,黄牌卡车
鲁BQ8883,公交车
鲁BJ0D72,雪铁龙
鲁B9BB21,丰田
鲁B37637,黄牌卡车
鲁BEY620,其他
鲁B996SA,大众家用车
鲁BG5159,福特
鲁BH2R87,长城
鲁B85Q58,雪铁龙
鲁BC6R75,荣威
鲁BH7E85,现代面包车
鲁BH7E85,现代面包车
鲁B059K3,福田小卡
鲁B059K3,福田小卡
鲁BX2W27,福田大卡
鲁B52J26,长安面包车
鲁BN2T52,东风面包车
鲁BY809J,福特
鲁B2AT51,长安面包车
鲁BW0U06,雪铁龙
鲁G23396,黄牌卡车
鲁B18833,别克商务车
鲁B8CM66,五菱
鲁K80731,黄牌大巴
鲁UC6385,五菱
鲁B5N133,五菱
鲁YRE650,别克商务车
鲁YRE650,别克商务车
鲁BX886H,黄牌卡车
鲁B323CP,雪佛兰
鲁BW929G,现代越野车
鲁BM206T,日产越野车
鲁BLQ207,起亚
鲁B1743学,大众出租车
鲁BU8K17,大众家用车
鲁BU8K17,大众家用车
鲁K32878,黄牌卡车
鲁BE782G,本田
鲁BE928K,其他
京B55099,黄牌卡车
鲁BP2680,公交车
鲁BL6M85,福特
鲁UT0732,大众出租车
鲁B89J91,奥迪
鲁BH507G,金杯卡车
鲁BN370C,现代越野车
鲁BUM219,东风面包车
鲁BL1057,黄牌卡车
鲁VZ331K,大众家用车
鲁VZ331K,大众家用车
鲁BT0322,大众出租车
鲁B9AP68,其他
鲁BS1T80,五菱
鲁BE6H75,东风面包车
鲁B538V5,现代
鲁BHM752,长安面包车
鲁BGU713,五菱
鲁BGU713,五菱
鲁BM121Q,起亚
鲁BNL867,现代
鲁BD2X72,现代越野车
鲁BD2X72,现代越野车
鲁BL167Y,福田小卡
鲁B092Y6,长城
京N772C8,丰田
鲁BV7N55,一汽卡车
鲁BXG791,马自达
鲁BT2317,黄牌卡车
鲁YD7183,日产
鲁BQ076X,大众出租车
鲁B253X2,江淮
鲁Q84362,其他
鲁B39U68,大众家用车
鲁B65G93,长安面包车
鲁UT5354,大众出租车
鲁BS0757,黄牌卡车
鲁BF865J,日产越野车
鲁BU1L21,江淮
吉HH9239,日产越野车
鲁B316D8,日产越野车
鲁B997D1,长安面包车
鲁BW636A,雪佛兰
鲁B1AM22,雪佛兰
鲁UT0832,大众出租车
鲁B989EW,长城
鲁B989EW,长城
鲁BT0082,大众出租车
鲁FD3025,黄牌大巴
鲁BB776B,其他
鲁BB776B,其他
鲁BK5696,黄牌卡车
鲁UZ4761,五菱
鲁B36987,黄牌大巴
鲁BM503V,标致
鲁BWS920,长安面包车
鲁BN779N,东风
鲁BX307G,大众家用车
鲁UQ0682,其他
冀DH8310,黄牌卡车
鲁Q7P918,福田小卡
鲁B302B6,五菱
鲁B730L9,长城
鲁BS6769,黄牌卡车
鲁BU9L53,现代
鲁B101EP,长城
鲁BFW360,五菱
鲁UTQ375,大众出租车
鲁JS1536,大众家用车
鲁YM0982,大众家用车
鲁UT9726,大众出租车
鲁BM8277,黄牌大巴
鲁Q06F58,五菱
鲁BG0S83,五菱
鲁BR2N79,雪铁龙
鲁BQ320D,大众家用车
鲁BY202G,五菱
鲁B69K50,五菱
鄂A0K763,奥迪
鲁B8EQ65,大众出租车
鲁YGK883,长城
鲁BQ881F,雪佛兰
鲁BV3373,黄牌卡车
鲁BS013R,五菱
鲁BCE380,五菱
鲁UT5588,大众出租车
鲁BG282X,雪佛兰
鲁BK3P10,大众家用车
鲁B9K887,黄牌大巴
鲁BC3T82,福田小卡
鲁K9U891,现代
鲁B92V86,雪铁龙
鲁BLN755,雪铁龙
鲁M33N29,江淮
鲁H098M2,比亚迪
鲁BBR565,东风面包车
鲁BQ5G95,福田小卡
鲁QQM056,长安面包车
鲁BU736B,长安面包车
鲁YG6265,起亚
鲁BA2Q19,马自达
鲁B851CK,别克商务车
鲁BM510V,大众家用车
鲁BR9X29,雪佛兰
鲁BR9362,黄牌卡车
鲁B261EF,大众出租车
鲁B261EF,大众出租车
鲁U55872,长安面包车
鲁BH109S,五菱
鲁BU8L30,江淮
鲁UL3737,起亚
鲁BU5810,黄牌卡车
鲁BQ2D92,东风
鲁G1316Y,现代
鲁B6AX38,东风
鲁BY862J,雪佛兰
鲁UT3918,大众出租车
鲁BX2W27,福田大卡
鲁BF606Q,福田大卡
鲁BG5010,黄牌卡车
鲁UT5793,大众出租车
鲁B63T72,长安面包车
鲁UT7589,大众出租车
鲁B095N9,大众家用车
鲁B637X6,福田小卡
冀JPC187,大众家用车
鲁BE859R,长安面包车
鲁BUV851,日产
鲁BP505M,大众家用车
鲁BP505M,大众家用车
鲁Q08L96,长安面包车
鲁B17361,黄牌大巴
鲁BX8M55,雪铁龙
鲁BG1586,黄牌大巴
鲁BD9L07,现代
鲁BD9L07,现代
鲁UT3168,大众出租车
鲁QF601G,长安
鲁UQ1028,现代面包车
鲁UQ1028,现代面包车
鲁UQ1028,现代面包车
鲁BXS365,奇瑞
鲁BX600X,江铃
鲁BX600X,江铃
冀A8237T,大众家用车
鲁UY8605,五菱
鲁BK639E,起亚
鲁BWM136,长安面包车
鲁B16T51,福特面包车
鲁B1BL81,福特
鲁BA032P,比亚迪
鲁M08588,黄牌卡车
鲁BGD209,江铃
鲁Q700P5,其他
鲁BP795C,五菱
鲁BP9M80,荣威
鲁UT6039,大众出租车
鲁B919N7,雪铁龙
鲁UT6035,大众出租车
鲁B3DY79,雪佛兰
鲁B086B7,金杯面包车
鲁BV5590,东风面包车
鲁VQH132,长城
鲁BD3955,大众家用车
鲁B3CD93,大众家用车
鲁BQT556,五菱
鲁BS257V,五菱
鲁BW0L67,奇瑞
鲁BW0L67,奇瑞
鲁BC262M,长安面包车
鲁BY788B,五菱
冀EP0002,本田
鲁P9F259,江淮卡车
鲁FD1865,黄牌大巴
鲁B586Q1,大众家用车
鲁B586Q1,大众家用车
鲁B13Q56,福田大卡
鲁BN9G11,标致
鲁BC837J,福田大卡
鲁B701KX,日产
鲁BQP117,日产
鲁B0BS53,日产
鲁BJ7920,黄牌卡车
鲁BR883N,大众出租车
鲁BR883N,大众出租车
鲁B532Q7,五菱
鲁BX307G,大众出租车
鲁BX307G,大众出租车
鲁BGL678,日产
鲁UT0906,大众出租车
鲁BU516C,东风面包车
鲁B773H8,别克
鲁BU9K19,江淮卡车
鲁BG7M07,江淮
鲁B7V181,丰田
鲁B7V181,丰田
苏G25485,黄牌卡车
鲁U98669,公交车
鲁UT3790,大众出租车
鲁BW873S,本田
鲁H966F5,东风面包车
鲁B150W6,江淮卡车
鲁BV770X,雪铁龙
鲁BF0Y65,别克
鲁BJ0D75,其他
鲁B72K32,长安面包车
鲁Q33809,五菱
鲁GM9890,黄牌大巴
鲁UT1861,大众出租车
鲁B80Y88,起亚
鲁B67M55,别克
鲁UT2152,大众出租车
鲁CGP929,雪铁龙
鲁BE0R08,长城
鲁BY3M52,大众出租车
鲁BY3M52,大众出租车
鲁B12755,福田大卡
鲁B12755,福田大卡
鲁B1AX57,五菱
鲁B050B7,本田
鲁BJ291D,长城
鲁B661PW,长城
鲁B726C3,长安面包车
鲁BN9L79,现代越野车
鲁BG207A,标致
鲁BW665Y,奇瑞
鲁B1AY87,金杯卡车
鲁BX071P,长城
鲁BP102H,宝马
鲁UT5165,大众出租车
鲁B865QA,大众家用车
鲁B7AB96,五菱
鲁BA078T,一汽面包车
鲁BA078T,一汽面包车
鲁B321D0,大众出租车
鲁B321D0,大众出租车
鲁BY5E32,别克
鲁BLA899,大众出租车
鲁BLA899,大众出租车
鲁F89L79,本田
鲁B599RY,福特
鲁BN2020,黄牌卡车
川AN3Z97,丰田
鲁BB8D72,比亚迪
鲁BR0A97,起亚
鲁BS7121,黄牌卡车
鲁BSA021,比亚迪
鲁BK7T71,长城
鲁RG2636,黄牌卡车
鲁B511DW,福特
鲁BYT087,福田小卡
鲁BY865X,长城
鲁BKA620,丰田
鲁B135QQ,福特
鲁B7DP21,马自达
鲁YH7499,黄牌卡车
鲁YH7499,黄牌卡车
鲁B89H62,其他
鲁J33370,五菱
冀JST029,长城
鲁BA568E,福特
鲁BV611E,起亚
鲁UT3751,大众出租车
鲁UW4189,马自达
鲁UT1272,大众出租车
鲁UTQ206,大众出租车
鲁B229GR,起亚
鲁BPV716,五菱
鲁BC8166,江淮卡车
鲁BPD035,现代
鲁B079Y3,长安面包车
鲁BN925K,现代
鲁BJ1U78,五菱
鲁BS6819,黄牌卡车
鲁BY581K,五菱
鲁B3CV80,福田大卡
鲁B3CV80,福田大卡
鲁BC5310,黄牌卡车
黑A59F58,日产
鲁BU5327,黄牌卡车
京AK4568,黄牌卡车
鲁BG2163,公交车
鲁BM2929,黄牌卡车
鲁B1DQ66,比亚迪
鲁B922V7,日产越野车
鲁BL9170,福田大卡
鲁UT1001,大众出租车
鲁B7CU93,五菱
鲁BN235W,雪佛兰
鲁BQ8F91,大众家用车
鲁BV918B,江淮卡车
鲁BU327G,福田小卡
鲁BQ8876,公交车
鲁FF0902,黄牌大巴
鲁BWP863,大众家用车
鲁BQ650E,宝马
鲁B939CM,本田
鲁B585GY,五菱
鲁YV3288,现代
鲁BT0162,大众出租车
鲁B0CJ08,其他
鲁BU796C,丰田
鲁B123F8,起亚
鲁B166FL,日产
鲁UT1601,日产
皖J04312,黄牌卡车
鲁AE039F,标致
鲁B3DS59,长安面包车
鲁BQ2K55,别克
鲁B63B33,其他
鲁BX6R25,五菱
鲁BA681B,本田
鲁UT3415,大众出租车
鲁BA565K,五菱
鲁BLE105,五菱
鲁B276ME,大众出租车
鲁BT1060,大众出租车
鲁UTQ059,大众出租车
鲁GB3887,黄牌大巴
鲁B32Y36,现代
鲁BL1P51,起亚
冀JN9852,黄牌卡车
鲁B790J8,现代
鲁BY8M38,福特面包车
鲁B59W35,福田小卡
鲁B9AJ37,现代越野车
鲁B586RS,长安
鲁B7X253,其他
鲁VSS321,别克
鲁BC089Y,中华
鲁BPM898,起亚
鲁B097LU,大众出租车
鲁B097LU,大众出租车
鲁BA890N,丰田
鲁B511HN,福特
鲁BDG175,丰田
鲁B081FR,其他
鲁B081FR,其他
鲁BJ8G03,大众出租车
鲁BK3E37,日产
鲁B3BV37,江铃
鲁B98T55,东风
鲁BR2D15,别克商务车
鲁B19C10,长安面包车
鲁YA8088,比亚迪
鲁BV7C03,江淮
鲁BM9G68,比亚迪
鲁BM9G68,比亚迪
鲁B81Q29,荣威
鲁JQ9582,五菱
鲁B088N3,五菱
鲁B088N3,五菱
鲁B828AG,本田
鲁UT7023,大众出租车
鲁GY103C,现代
鲁BM178C,福田小卡
鲁BK987M,长安面包车
鲁B9AC73,金杯卡车
鲁BR170A,五菱
鲁B90R05,日产越野车
鲁BS778L,福特
鲁B09P82,现代
鲁BM3289,黄牌卡车
鲁B5T201,雪佛兰
鲁UT3105,大众出租车
鲁UTQ105,大众出租车
鲁B665M8,其他
苏CUN809,奇瑞
鲁BY093N,福田大卡
鲁BY093N,福田大卡
鲁B68N87,大众家用车
鲁B099PL,雪佛兰
鲁F5C980,标致
鲁HE2560,黄牌大巴
鲁B50N23,丰田
鲁BD826F,大众家用车
鲁B57263,黄牌卡车
鲁BPY597,奥迪
鲁BY368G,金杯卡车
鲁BH061Y,福特
鲁BW1P79,五菱
鲁BF8M15,五菱
鲁BA522H,日产
鲁BX3W86,东风面包车
鲁UT5620,大众出租车
鲁BT1101,大众出租车
鲁BK269L,奔驰
鲁CD3432,黄牌卡车
鲁BSQ851,福田小卡
鲁VHZ196,马自达
鲁VJ8015,黄牌卡车
鲁BJ031V,江铃
鲁BS371P,东风
鲁B29P23,丰田
鲁B29P23,丰田
陕FME777,大众家用车
鲁BM312K,五菱
鲁BJ3205,黄牌卡车
鲁BH381U,现代
鲁BK1B25,现代
鲁S33667,黄牌卡车
鲁BJ8067,黄牌卡车
鲁B766BW,宝马
鲁UF7188,福特
鲁BA767U,日产越野车
鲁B1AM98,哈飞
鲁B1AM98,哈飞
鲁B99E55,江淮
鲁B36T02,福田小卡
鲁B36T02,福田小卡
鲁BG795A,日产
鲁BM7C96,江淮面包车
鲁BM7C96,江淮面包车
鲁B6CK98,雪佛兰
鲁BR919M,别克商务车
鲁UT0089,大众出租车
鲁D907E1,大众家用车
鲁BG8B01,大众出租车
鲁B1EJ55,中华
鲁BX896X,福田大卡
鲁B92Q25,别克
鲁BN109S,别克商务车
鲁BS7C28,大众出租车
鲁BXH079,大众出租车
鲁B306AE,大众家用车
鲁B099ST,大众出租车
鲁B0BN11,起亚
鲁BT0234,大众出租车
鲁B73V83,丰田
鲁B923CS,长城
鲁BL980N,五菱
鲁BY7W96,福田小卡
鲁B7T789,奔驰
鲁BA628X,日产
鲁VMK601,黄牌卡车
鲁VMK601,黄牌卡车
鲁BW5P87,福田大卡
鲁UT5173,大众出租车
沪DR2462,别克
鲁B809E2,其他
鲁BQ9639,起亚
鲁BE973Y,起亚
鲁B57L88,日产越野车
鲁UY8895,江淮面包车
鲁BKS552,五菱
鲁BPQ615,东风面包车
鲁BC161Y19,奇瑞
鲁BH9587,黄牌卡车
鲁BC585U,日产
鲁BC585U,日产
鲁UT5133,大众出租车
鲁BX3F80,海马
鲁BF3D03,大众出租车
鲁BE759T,别克
鲁B97A82,长安面包车
鲁BW3C98,大众出租车
鲁BW3C98,大众出租车
鲁UT7830,大众出租车
鲁BT0650,大众出租车
鲁BD9C88,其他
鲁BD9C88,其他
鲁LU8301,大众出租车
鲁G86660,黄牌卡车
鲁RNB195,日产
鲁UT9213,大众出租车
鲁U77792,大众家用车
鲁U77792,大众家用车
鲁B333M3,奥迪
鲁B779JU,丰田
鲁BEY539,丰田
鲁B176PQ,日产
冀RCT125,奇瑞
鲁B2DA99,奇瑞
鲁BW862Q,大众家用车
鲁BW862Q,大众家用车
鲁B2CG66,五菱
鲁BYY919,大众出租车
鲁BYY919,大众出租车
苏GJX713,江淮
鲁B87C20,奥迪
鲁BW8V79,五菱
鲁BC1S93,大众家用车
鲁A230EG,五菱
豫SQ9439,长安面包车
鲁B9BU16,大众家用车
鲁UT6359,大众出租车
鲁BH9L27,日产
鲁BBJ271,五菱
鲁B37008,黄牌大巴
鲁BL511F,其他
鲁BL511F,其他
沪C2M647,大众出租车
鲁BH672P,雪铁龙
鲁BH672P,雪铁龙
鲁BT1086,大众出租车
鲁B556AB,标致
鲁BX878U,起亚
鲁BK1039,金杯面包车
鲁B026K6,奇瑞
鲁BQ5C70,其他
鲁MEJ809,标致
JL12702,大众家用车
JL12702,大众家用车
鲁B00A69,雪佛兰
鲁BR827R,大众家用车
鲁B2EJ56,别克
鲁B736P2,别克
鲁BLX559,马自达
鲁B9CF71,雪铁龙
鲁B965MW,福特
鲁BJ9B32,雪佛兰
鲁BR1D89,大众家用车
鲁BEY978,起亚
鲁BP2728,公交车
鲁GDQ196,大众家用车
鲁UT7871,大众出租车
鲁YD4695,大众家用车
鲁B830DT,大众家用车
鲁BR986M,福特
鲁B17369,黄牌大巴
鲁BUH926,别克
鲁UT2184,大众出租车
鲁BN5603,公交车
鲁B89J83,奥迪
鲁B655AM,福特
鲁B38Q18,东风面包车
鲁BC781S,别克
鲁B21V69,福田大卡
鲁BP516E,江铃
鲁UT6366,大众出租车
鲁B822FD,东风面包车
鲁K67233,黄牌大巴
鲁J77447,长城
鲁BL087S,荣威
鲁BAJ237,日产
鲁BN128H,长城
鲁BN128H,长城
鲁BN128H,长城
鲁BL6603,黄牌卡车
鲁B69592,黄牌卡车
鲁BUK621,雪铁龙
鲁BY5C77,雪铁龙
鲁LLX239,长安面包车
鲁BL988H,五菱
鲁UN2006,现代
鲁BJ0M90,大众出租车
鲁B31K28,大众家用车
鲁RD1220,五菱
鲁BN072D,日产
鲁BN072D,日产
鲁BK968M,长城
鲁YAD526,本田
鲁BG867P,福特
鲁FP0851,黄牌大巴
鲁L25387,长安面包车
鲁B010NX,福特
鲁BT0345,大众出租车
鲁BK037S,长城
鲁BT0267,大众出租车
鲁UE1299,别克
鲁BL726B,长城
鲁HLD886,大众出租车
鲁HLD886,大众出租车
鲁BC9C73,别克
鲁FBY579,现代
鲁B67A95,长安面包车
鲁BF3G79,东风面包车
鲁BF3G79,东风面包车
鲁BED580,福田小卡
鲁BQQ501,比亚迪
鲁BC099Q,长安面包车
鲁BT1135,大众出租车
鲁BCC652,本田
鲁BS270P,别克商务车
鲁B262H2,东风面包车
鲁BF026C,丰田
鲁BB260T,大众出租车
鲁BB260T,大众出租车
鲁B6L510,别克
鲁B83X96,福特
鲁BKH521,比亚迪
鲁B5D886,大众家用车
鲁BC202H,现代
鲁BH7U57,长安面包车
鲁B897Y7,大众家用车
鲁VJ535M,现代面包车
鲁BPN708,丰田
鲁B975FQ,雪佛兰
鲁BP516F,大众出租车
鲁BP516F,大众出租车
鲁B588NH,起亚
鲁CE6127,黄牌大巴
鲁B1BP17,起亚
鲁B309BH,福特
鲁B3F031,别克
鲁S38671,黄牌卡车
浙C396AB,宝马
鲁BUJ602,起亚
鲁B181E6,标致
鲁B181E6,标致
鲁BE2M81,宝马
鲁BG776Y,福田大卡
鲁BW5C76,别克
苏J8B661,丰田
鲁BE689F,福田大卡
鲁B6CR50,日产
鲁B0666学,大众家用车
鲁B0666学,大众家用车
鲁B290H7,雪铁龙
鲁B290H7,雪铁龙
鲁BX661C,一汽卡车
鲁BN2777,丰田
鲁UT1865,大众出租车
鲁B3CS92,江铃
鲁B99E10,其他
鲁BF6D79,雪铁龙
冀F8G556,现代越野车
鲁BE7825,黄牌卡车
鲁B2S851,其他
鲁B2S851,其他
鲁BRD705,标致
鲁B12D25,长安面包车
鲁BX5Y80,长安面包车
鲁UT5725,大众出租车
鲁BK2619,公交车
鲁BK2619,公交车
鲁BD5G88,日产越野车
鲁B088AA,其他
鲁B088AA,其他
鲁BT0166,大众出租车
鲁BD982C,大众家用车
鲁B532GQ,大众家用车
鲁BM555X,宝马
鲁BC501Q,现代越野车
鲁BPD715,宝马
鲁GB3138,黄牌大巴
鲁BM223C,福田小卡
鲁B960CC,丰田
鲁UT4863,大众出租车
鲁BG258S,其他
鲁BG258S,其他
鲁BN835E,江淮面包车
鲁BN835E,江淮面包车
鲁BN835E,江淮面包车
鲁QU592P,现代
鲁B16U35,东风面包车
鲁BE675C,五菱
鲁B80N95,大众家用车
鲁UT6716,大众出租车
皖J鲁BJ5810,黄牌卡车
鲁B202TD,奥迪
鲁UT3871,大众出租车
鲁BT1480,大众出租车
鲁BP3387,黄牌卡车
鲁G8H156,福田大卡
鲁BH316Y,起亚
鲁BW270R,现代
浙DJU159,长安面包车
鲁B737M5,其他
鲁B00682,本田
鲁BP917Q,五菱
鲁BVC810,雪佛兰
鲁BM6R67,长安面包车
鲁BB2J15,标致
鲁UT4180,大众出租车
鲁UT7226,大众出租车
鲁BM8622,黄牌卡车
鲁BC913A,五菱
鲁BV6366,黄牌卡车
鲁BS8W69,东风面包车
鲁CV8396,奥迪
鲁BL0519,黄牌卡车
鲁FBC113,大众家用车
鲁V0Y099,宝马
鲁BN9115,黄牌卡车
鲁BN0J97,大众家用车
鲁M85071,黄牌卡车
鲁BV7R16,大众出租车
鲁BV7R16,大众出租车
鲁B60W67,长安面包车
鲁BL192Q,大众出租车
鲁BV715Y,东风面包车
鲁BQ5830,黄牌卡车
鲁B7H506,马自达
鲁BP5926,黄牌卡车
鲁UT0745,大众出租车
鲁BS603R,长城
苏CR7186,黄牌卡车
鲁BNK891,现代
鲁BS0008,奔驰
鲁B2AC66,大众出租车
鲁B2AC66,大众出租车
鲁BQM138,五菱
鲁BQ8C68,日产越野车
鲁BS9F32,长安面包车
鲁BR069K,马自达
鲁BR069K,马自达
鲁BE986U,福田小卡
鲁BP3236,金杯面包车
鲁BX0339,本田
鲁B920C5,起亚
鲁BN6R71,日产
鲁BN852M,比亚迪
鲁BK9657,黄牌大巴
鲁B89F87,本田
鲁BB212T,奥迪
鲁BV321X,本田
鲁BP6H77,长安
鲁BH593H,福特
鲁BH650P,起亚
鲁VD537S,日产
鲁BL377H,五菱
鲁BC2F10,现代
鲁UT5593,大众出租车
鲁BV1D26,金杯卡车
冀JE2820,黄牌卡车
鲁B5S097,长城
鲁B6BR78,福田大卡
鲁U98328,公交车
鲁BSL361,现代
鲁B002Q3,哈飞
鲁BB3F23,别克商务车
鲁BB3F23,别克商务车
鲁BJ205H,别克
鲁UTQ189,大众出租车
鲁BG621D,长安面包车
鲁BC6X55,五菱
鲁B7G768,丰田
鲁BG0396,黄牌大巴
鲁BY073H,其他
鲁BY073H,其他
鲁B909N6,雪铁龙
鲁BUR787,本田
鲁BY522D,起亚
鲁B69X37,海马
鲁B69X37,海马
鲁BJU888,奔驰
鲁UT5223,大众出租车
鲁B990CY,雪铁龙
鲁BLE296,五菱
鲁VD896V,本田
鲁BN2J70,江淮
鲁BM9F97,长城
鲁BG500S,比亚迪
鲁B3R987,大众出租车
鲁B9AF77,大众家用车
鲁BJ906C,马自达
鲁BG1H71,丰田
鲁BDS979,五菱
鲁BU315K,长安面包车
鲁UT0287,大众出租车
鲁Q0622W,黄牌大巴
鲁UT9755,大众出租车
鲁BU8L30,江淮
鲁BE2N17,长城
鲁B579GE,奥迪
鲁BG0378,黄牌大巴
鲁B591K8,长安
鲁B591K8,长安
鲁B988SW,宝马
鲁B47333,黄牌卡车
鲁BR6E28,福特
鲁BR2067,黄牌卡车
鲁BT3329,黄牌大巴
鲁B258JU,大众家用车
鲁B258JU,大众家用车
鲁UT7036,大众出租车
鲁B9Y555,别克
鲁BP656D,福田大卡
鲁B227T8,大众出租车
鲁KE335N,别克商务车
鲁B99657,日产
鲁B8CL33,大众家用车
鲁B8CL33,大众家用车
鲁BMD816,起亚
鲁BMD816,起亚
鲁BT1180,大众出租车
鲁BS0G68,五菱
鲁BU6G87,长安面包车
鲁QA4432,其他
鲁BJ705R,东风面包车
鲁UT3274,大众出租车
鲁BS572L,雪铁龙
鲁B858T3,日产
鲁BL382W,本田
鲁B159T9,日产越野车
鲁B9W188,中华
鲁B9W188,中华
鲁UT0855,大众出租车
鲁BJ266S,东风面包车
鲁BT1286,大众出租车
鲁BQY811,日产越野车
鲁BQY811,日产越野车
鲁B050DW,福特
鲁B237BN,大众出租车
鲁B237BN,大众出租车
黑BG893E,黄牌卡车
鲁GFA557,福田大卡
鲁BL5626,黄牌卡车
鲁UT9207,大众出租车
鲁BPQ565,福特面包车
鲁BR065U,本田
鲁B96560,奥迪
鲁BCD157,金杯卡车
鲁BQ890Y,福田小卡
鲁UT9621,大众出租车
鲁B973H7,金杯面包车
鲁B102HQ,雪铁龙
鲁B636H1,现代面包车
鲁B096ND,大众家用车
鲁B096ND,大众家用车
鲁BR9221,公交车
鲁BGT626,现代
鲁UT5904,大众出租车
鲁BE8177,黄牌卡车
鲁BL9C76,长城
鲁BD985S,五菱
鲁B0CF60,福特面包车
鲁BW092F,东风面包车
鲁BA3E25,大众家用车
鲁BS1J36,本田
鲁BQ1707,黄牌卡车
鲁BR6E17,福特
鲁B1AY99,东风面包车
鲁BD799J,别克
鲁FG5118,黄牌卡车
鲁B9K887,丰田
鲁BG090T,五菱
鲁BG090T,五菱
鲁BE529B,长安面包车
鲁B997TF,丰田
鲁UT1275,大众出租车
鲁BW019P,比亚迪
鲁JD5983,现代
鲁BM505J,五菱
鲁BN2777,丰田
鲁B96B09,比亚迪
鲁B328TC,起亚
鲁B90625,别克商务车
鲁B26V22,起亚
鲁BU6V78,长安面包车
鲁BDW678,起亚
鲁BJ329S,其他
鲁B783M2,长安面包车
鲁BT1474,大众出租车
鲁BF865J,日产越野车
鲁BVL911,起亚
鲁BN555D,五菱
鲁BM591B,雪佛兰
鲁BV787J,奥迪
鲁B013W8,本田
鲁B5BT58,长城
鲁BM7A73,本田
鲁BK6E63,奔驰
鲁BGK121,金杯面包车
鲁BW5S85,东风面包车
鲁BU8L73,江淮
鲁BV2K90,五菱
鲁UT6719,大众出租车
鲁BN0205,公交车
鲁ANQ303,福特面包车
鲁UT3179,大众出租车
鲁BF057T,五菱
鲁B279AP,丰田
鲁LQ7287,日产越野车
鲁BB139T,五菱
鲁B705M8,奇瑞
豫JB8858,丰田
鲁B01U23,大众家用车
鲁YA7828,东风面包车
鲁B863B8,大众家用车
鲁B863B8,大众家用车
鲁BJ220T,长城
鲁JQ9582,五菱
鲁UT1210,大众出租车
鲁UT6652,大众出租车
鲁BF085C,江淮
鲁BSC975,别克商务车
鲁BSC975,别克商务车
鲁C10738,黄牌卡车
鲁B355V8,大众家用车
鲁B355V8,大众家用车
鲁BN6B73,宝马
鲁BSJ589,日产
鲁BM382Q,哈飞
鲁B110E1,本田
鲁B110E1,本田
鲁B156Y1,奇瑞
鲁B156Y1,奇瑞
鲁BP889J,日产
鲁BQ2978,黄牌卡车
鲁UT5172,大众出租车
鲁UT7097,大众出租车
鲁BV099M,福特面包车
鲁UT6755,大众出租车
鲁UT2361,大众出租车
鲁B7U227,其他
鲁BH182W,长安
鲁B336L8,别克
鲁U75323,其他
鲁BS0N37,长安面包车
苏FHQ183,日产
鲁B366NF,宝马
鲁B73V83,丰田
鲁BP1073,黄牌卡车
鲁BW110P,雪佛兰
鲁BME986,五菱
鲁U96800,公交车
鲁B077KV,现代越野车
鲁BFU870,丰田
鲁BE561T,雪佛兰
鲁BF297M,江淮卡车
鲁BU9K98,长安面包车
鲁BY605U,江淮
鲁BCR057,江铃
鲁B7G930,五菱
鲁BUB920,起亚
鲁B286E1,五菱
京N91N08,丰田
鲁B8AM23,丰田
鲁BY3F88,马自达
鲁BH627M,东风
鲁BH627M,东风
鲁BP1G25,雪铁龙
鲁U56680,金杯面包车
鲁BA6H17,长城
鲁BB573G,丰田
鲁B1D103,五菱
鲁B079U5,本田
鲁VG279Y,日产
鲁B6AD09,江铃
鲁B9C231,其他
鲁B9C231,其他
鲁UT1666,大众出租车
鲁BQ2D09,五菱
鲁B81R95,本田
鲁BF9B61,丰田
鲁B38U62,铃木
鲁GZ909W9,福田大卡
鲁BP2626,奥迪
鲁BF377M,福特
鲁BGB756,五菱
鲁B601LE,马自达
浙BNZ856,长城
鲁BLW721,长安面包车
鲁B05Q68,福田小卡
鲁BHK091,雪佛兰
鲁B7AY65,现代
鲁QP286D,福田大卡
鲁BC536U,大众家用车
鲁BC536U,大众家用车
鲁CC891C,江铃
鲁QW9775,黄牌卡车
粤ABG8365,黄牌卡车
鲁BM0328,黄牌卡车
鲁BG558C,比亚迪
鲁GM609A,日产
鲁BH833Y,雪铁龙
鲁B052B7,本田
鲁B18316,黄牌卡车
鲁BA931R,丰田
鲁BN6D87,雪佛兰
鲁BN5S97,宝马
鲁BN5S97,宝马
鲁BQY932,福特
鲁UT7057,大众出租车
鲁BH5F05,长安面包车
鲁B901Y3,一汽面包车
鲁BH891L,福特
鲁BL117G,起亚
鲁G286U3,福特
鲁BF6536,黄牌卡车
鲁F23703,黄牌大巴
鲁QP763V,五菱
鲁UT4412,大众出租车
鲁U79138,大众家用车
鲁BWB606,大众家用车
鲁UT0170,大众出租车
鲁BR5927,黄牌卡车
鲁BR5927,黄牌卡车
鲁BNB503,大众出租车
鲁BNB503,大众出租车
鲁BMM223,别克
鲁QPB007,长城
冀J565BT,长城
鲁UT7712,大众出租车
鲁UQ9668,日产
鲁BS0298,公交车
鲁BW8A76,金杯卡车
鲁BB2H25,一汽面包车
鲁BSM088,其他
鲁B8AW12,五菱
鲁BN058G,五菱
鲁VA688C,起亚
鲁BA208T,大众出租车
鲁BA208T,大众出租车
鲁BJ1368,黄牌卡车
鲁BW5G93,中华
鲁BW5G93,中华
鲁BT0337,大众出租车
鲁BL6631,黄牌卡车
鲁B28793,黄牌卡车
鲁B3CA89,东风面包车
鲁UT9935,大众出租车
鲁BX1M20,东风
鲁BX1M20,东风
鲁UT4427,大众出租车
鲁UT1758,大众出租车
鲁BW689W,雪铁龙
鲁BS727C,五菱
鲁U33051,长安面包车
鲁UT6164,大众出租车
鲁BC319S4,江淮卡车
鲁BL163T,其他
鲁BU935X,日产
鲁BY663E,大众出租车
冀BX6390,黄牌卡车
鲁BA5J69,大众家用车
鲁BQ539N,五菱
鲁B3BQ30,五菱
鲁BWB001,别克
鲁BWB001,别克
鲁AWK993,现代越野车
鲁B5Y573,长安面包车
鲁BT0552,大众出租车
鲁BX1Y12,雪铁龙
鲁AVR272,宝马
鲁B5W762,别克
鲁B99L30,本田
鲁UTA185,大众出租车
鲁BF036U,雪佛兰
鲁GT266U,金杯面包车
鲁UT6041,大众出租车
鲁B932F8,奇瑞
鲁B19918,奥迪
鲁BQ2688,黄牌大巴
鲁B158FY,雪佛兰
鲁BF9619,黄牌大巴
鲁RGK179,五菱
鲁BT1014,大众出租车
鲁BY702J,长城
鲁U09767,中华
鲁B187H8,中华
鲁BB3G13,其他
鲁BC978L,长安面包车
鲁BC2A20,大众家用车
鲁GG6867,别克
鲁B863GU,大众家用车
鲁B863GU,大众家用车
鲁BK211N,现代
鲁BP9R31,雪铁龙
鲁BS9E68,福田大卡
鲁B776RH,长城
鲁BFN606,宝马
鲁B9CF18,本田
鲁BM602E,大众家用车
鲁BF6S19,中华
鲁BF6S19,中华
鲁BF6S19,中华
鲁UT1085,大众出租车
鲁B633EH,奥迪
鲁B128JH,日产
鲁FC6837,黄牌卡车
鲁YLW539,长城
鲁BV360E,江淮卡车
鲁BS090Q,福田大卡
鲁BU6175,其他
陕DA4546,奇瑞
鲁BW179L,大众家用车
鲁BW179L,大众家用车
鲁B07K16,福田大卡
鲁BY123S,五菱
鲁B622F5,东风卡车
鲁QQ697U,丰田
鲁BK895L,日产越野车
鲁B66P11,福特
鲁BR090K,本田
鲁BF6972,一汽卡车
鲁UL0268,福特面包车
鲁BL821X,奇瑞
鲁B7M962,五菱
鲁B1AA27,江淮卡车
鲁BSY396,长安面包车
鲁BPF879,长安面包车
鲁BP5S80,长城
鲁BS860W,长城
鲁BH617M,东风
鲁V6H356,福特
鲁BPS201,五菱
鲁J08212,黄牌卡车
鲁BJ6E17,长安面包车
鲁BL5R17,奇瑞
鲁BL5R17,奇瑞
鲁B285CB,现代
鲁B830DT,大众家用车
鲁BP258T,现代越野车
鲁BN5E01,起亚
鲁BQ7U93,东风卡车
鲁BM8U08,奇瑞
鲁UT9870,大众出租车
鲁B9CL70,起亚
鲁UT4018,大众出租车
鲁B573D6,其他
鲁B573D6,其他
鲁BQ3Q17,长安面包车
鲁BQ4617,大众家用车
鲁B75T86,江淮
鲁U01864,其他
鲁U01864,其他
鲁B579KJ,大众家用车
鲁BB260T,大众家用车
鲁BB260T,大众家用车
鲁PA4570,黄牌卡车
鲁BQ229Y,五菱
鲁J3M861,大众家用车
鲁B100G7,江淮面包车
鲁B100G7,江淮面包车
鲁B100G7,江淮面包车
鲁BS770A,日产越野车
鲁BX966T,起亚
鲁QPU477,长安面包车
鲁B513P6,别克
鲁B513P6,别克
鲁BQ7X92,长安面包车
鲁BFR180,别克
鲁B169R0,哈飞
鲁B169R0,哈飞
鲁BJ8J63,金杯卡车
鲁BJ8J63,金杯卡车
鲁BCS227,标致
鲁RCC908,奥迪
鲁BR078M,福特
鲁BR1V63,现代
鲁BNF760,长安面包车
鲁BD0V77,江淮面包车
鲁BD0V77,江淮面包车
鲁BD0V77,江淮面包车
鲁BY176F,长安面包车
鲁B983FG,大众家用车
鲁B298Q1,长安面包车
鲁BK6J60,比亚迪
鲁BS8D69,五菱
鲁B215S3,长城
鲁UY8172,别克
鲁B55T18,别克
鲁B8CF78,长安面包车
鲁UQ1393,长安面包车
苏GAF797,五菱
鲁B80N16,荣威
鲁B80N16,荣威
云LBH181,长安面包车
鲁BX601E,五菱
鲁BE3N69,雪佛兰
鲁BE3N69,雪佛兰
鲁BG8D76,雪佛兰
鲁B185MM,奥迪
鲁UT3148,大众出租车
鲁BY9P18,五菱
鲁BN097A,丰田
川JF3618,雪佛兰
鲁BU988E,起亚
鲁BWM252,其他
鲁B275S6,福田小卡
鲁B275S6,福田小卡
鲁UT3736,大众出租车
冀TA6665,大众家用车
鲁BN7838,黄牌卡车
鲁BM0N82,中华
鲁B557BS,现代
鲁BM7U57,大众出租车
鲁BM7U57,大众出租车
鲁BG9K80,大众家用车
鲁BG9K80,大众家用车
鲁BH398H,五菱
鲁B992MG,雪佛兰
鲁BV7P27,福田大卡
鲁UT0561,大众出租车
鲁BR016R,现代
鲁UT6095,大众出租车
鲁BH1F11,长城
鲁B66H06,马自达
鲁BV729Y,福田小卡
鲁B61G91,长安面包车
鲁BN7E69,大众家用车
鲁B528PX,别克
鲁UT5321,大众出租车
鲁UT3863,大众出租车
鲁BQT681,奇瑞
鲁BGM569,丰田
鲁B85S20,本田
鲁B982K5,比亚迪
鲁BF1102,黄牌卡车
鲁B67R01,长城
鲁BK1Y09,东风面包车
鲁B087MH,江淮面包车
鲁BW7H66,现代
鲁BC100B,福特
鲁BY7W96,福田小卡
鲁BY6K58,五菱
豫QQ8273,长安面包车
鲁UN6886,日产
鲁BM080K,比亚迪
鲁BM080K,比亚迪
鲁BR087S,大众家用车
鲁UT6109,大众出租车
鲁BF0898,黄牌卡车
鲁UT6652,大众出租车
鲁BF083Q,东风面包车
鲁UT0406,大众出租车
鲁B6EE27,丰田
鲁UT0158,大众出租车
鲁B207JK,现代
鲁BVM980,现代
鲁B0CK93,福田大卡
鲁B7W501,东风面包车
鲁UY1870,大众出租车
鲁UY1870,大众出租车
鲁BL381F,江淮面包车
鲁BL381F,江淮面包车
京N3X810,现代
鲁UT3974,大众出租车
鲁VQ3032,大众出租车
鲁B7Q552,本田
鲁B6AL90,黄牌大巴
鲁B6AL90,黄牌大巴
鲁UT5451,大众出租车
鲁UT5557,大众出租车
鲁BG8T27,丰田
鲁BV9Y18,长城
鲁BSP705,长安面包车
鲁GQ229F,江淮卡车
鲁B5R298,其他
鲁Q92W01,比亚迪
鲁BKU798,别克商务车
鲁BV203Y,福田大卡
鲁BE867D,别克
鲁BG6665,福田大卡
鲁BG6665,福田大卡
鲁GSQ603,标致
鲁B5AB28,本田
鲁BQ517V,其他
鲁U28938,其他
鲁CEC792,大众家用车
鲁BT1107,大众出租车
鲁BGM313,马自达
鲁QD8198,本田
鲁BR3T99,东风
鲁BHP938,现代越野车
鲁UT4782,大众出租车
鲁BQ0512,黄牌卡车
鲁B99A32,五菱
鲁B628JC,本田
鲁BB002M,雪佛兰
鲁B77J82,别克
鲁B77J82,别克
鲁BSK916,奥迪
鲁B23Y08,长安面包车
鲁BG7M23,福田小卡
鲁G86686,黄牌卡车
鲁BH5G28,丰田
鲁BH5972,黄牌大巴
鲁B27B08,长城
鲁B536A6,雪佛兰
鲁UT1719,大众出租车
鲁RD2909,黄牌卡车
鲁RNE639,五菱
鲁BL0659,黄牌卡车
鲁H5556S,五菱
鲁BH823Y,福特
鲁UT4568,大众出租车
鲁BJ352F,大众家用车
鲁BQ5F50,福田小卡
鲁BR275E,福田大卡
鲁UT6241,大众出租车
鲁B12X96,现代面包车
鲁B12X96,现代面包车
鲁F20731,黄牌大巴
鲁B196H9,起亚
鲁BR8R62,雪佛兰
鲁B851CK1,大众出租车
鲁BL591L,奥迪
鲁BF058S,长城
鲁BV925Y,福特面包车
鲁BF5G86,日产越野车
鲁UT0174,大众出租车
鲁B8AA69,日产
鲁BY6600,别克
鲁B583V6,东风面包车
鲁BX2W29,大众出租车
鲁BW0579,其他
鲁BY8T09,福田小卡
鲁GH5779,其他
鲁UT5669,大众出租车
鲁BU3866,黄牌卡车
鲁BN3D56,五菱
鲁BP2C87,起亚
鲁BV1G58,雪佛兰
鲁B7DE27,东风
鲁UT0827,大众出租车
鲁UT1528,大众出租车
鲁Q01692,一汽卡车
鲁VGQ7983,江淮卡车
鲁VGQ7983,江淮卡车
鲁B32U20,福田大卡
鲁B32U20,福田大卡
鲁BV5990,黄牌卡车
鲁QP976T,五菱
鲁BH2516,黄牌卡车
鲁BH5813,黄牌卡车
鲁BNY167,日产
鲁B5S180,福特
鲁BG5K57,雪佛兰
鲁BS1R18,起亚
鲁B525DR,大众家用车
鲁BT1087,大众出租车
鲁GM1353,黄牌大巴
鲁BT0655,大众出租车
鲁BN0562,金杯卡车
鲁UV1231,现代
鲁BKQ836,大众出租车
鲁BGF322,大众家用车
鲁BT1118,大众出租车
鲁BH852H,长城
鲁B65F88,长城
鲁B65F88,长城
鲁BV283Y,丰田
鲁BR562M,长安面包车
鲁B500A8,本田
鲁UT2541,大众出租车
鲁BQ9D75,起亚
鲁BP1J10,马自达
鲁B111H8,雪佛兰
鲁B750P3,长安面包车
鲁B237FQ,别克
鲁B7CY03,其他
鲁B7CY03,其他
鲁BT0257,大众出租车
鲁B17Q39,其他
鲁B7G621,别克
鲁B98939,别克商务车
鲁CD6555,黄牌卡车
鲁B75786,别克
鲁BJB122,现代
鲁UT4833,大众出租车
鲁BE576H,起亚
鲁BM730V,其他
鲁C2372H,现代越野车
鲁BQ1769,黄牌卡车
鲁BG5K35,丰田
鲁BG7320,福特面包车
鲁BG7320,福特面包车
鲁BQ1E35,起亚
鲁F7N332,大众家用车
鲁UT3565,大众出租车
鲁B529M9,东风面包车
鲁BL573M,大众家用车
鲁B687PX,起亚
鲁BAV121,现代面包车
鲁BAV121,现代面包车
鲁BD1G92,东风
鲁BY063K,起亚
鲁BPE015,起亚
鲁B93E70,福特
鲁BT0102,大众出租车
鲁B66F05,东风面包车
鲁UT3278,大众出租车
鲁BB9L20,起亚
鲁BP7538,黄牌卡车
鲁UT9086,大众出租车
鲁B680PP,东风面包车
鲁UL5951,本田
鲁D27D79,五菱
鲁BD819K,别克
鲁BP2650,公交车
鲁BT1224,大众出租车
鲁B7BL39,五菱
鲁BJ1179,雪铁龙
鲁BJ1179,雪铁龙
鲁BH529N,江淮
鲁BV838L,大众家用车
鲁BV838L,大众家用车
浙KL2580,别克
鲁BY3Q61,起亚
鲁B39R23G,金杯卡车
鲁BU160T,雪佛兰
鲁BG236X,哈飞
鲁BS085C,起亚
鲁B55R70,福田大卡
鲁BS211E,别克
鲁BNT180,五菱
鲁UT4721,大众出租车
鲁UT4953,大众出租车
鲁B7C878,本田
鄂Q36302,长安面包车
鲁B0DF96,东风面包车
鲁BQ625C,福特
鲁BQ623H,福田大卡
鲁BQ623H,福田大卡
鲁QV802M,福田小卡
鲁BD616A,起亚
鲁BML825,标致
鲁BJ8F67,现代
鲁B9BC06,日产
鲁B58R63,荣威
鲁BS0703,长安面包车
鲁UT4183,大众出租车
鄂R8H256,本田
鲁BK3R66,大众出租车
鲁BW9Y92,大众家用车
鲁BW9Y92,大众家用车
鲁B2AY78,长城
鲁BT0553,大众出租车
鲁BP2391,公交车
鲁BJ3Y13,现代
鲁BM1N58,现代
鲁UT9195,大众出租车
鲁BG513F,长城
鲁B678U7,其他
鲁B710SY,一汽面包车
鲁B710SY,一汽面包车
鲁BK822Y,长城
鲁B112FY,日产
鲁BP2320,公交车
京N288V7,本田
鲁BR251T,标致
鲁BF355P,黄牌卡车
鲁BGC505,比亚迪
鲁BW195N,大众出租车
鲁VZL657,大众家用车
鲁BS5802,黄牌卡车
鲁BM8G69,大众家用车
鲁BM8G69,大众家用车
鲁B8BE37,别克商务车
鲁BC202H,现代
鲁B23P90,福田小卡
鲁BH2266,黄牌大巴
鲁B77V81,大众家用车
鲁BD909V,长安面包车
鲁BH7A17,福田小卡
鲁BG8B80,大众家用车
鲁BY236L,丰田
鲁BK832K,江铃
鲁BK832K,江铃
鲁BQ8898,本田
鲁B9BT28,雪佛兰
鲁B2CF65,长安面包车
鲁UT6002,大众出租车
鲁B907JJ,丰田
鲁B037FS,宝马
鲁B037FS,宝马
鲁B2AS83,福特
鲁B0AT50,起亚
鲁BH0D85,大众出租车
鲁B625T2,福田小卡
鲁B625T2,福田小卡
鲁B805CH,日产越野车
鲁UT7160,大众出租车
鲁BX6K05,其他
鲁UT2598,大众出租车
鲁BP2351,公交车
鲁BB031T,雪铁龙
鲁UT5725,大众出租车
鲁B536FR,奇瑞
鲁BJ290T,福田小卡
鲁BE651Y,大众出租车
鲁BE651Y,大众出租车
鲁BY3Q61,其他
鲁B721CM,别克
鲁BGR658,标致
鲁YDE839,中华
鲁BH299J,现代
鲁BQ672X,日产
鲁BY722N,长安面包车
鲁B798N7,五菱
鲁B556TP,长城
鲁BL083F,日产越野车
鲁UT3542,大众出租车
鲁UT5972,大众出租车
鲁AD5661,黄牌卡车
鲁BWQ998,别克
鲁U98260,公交车
豫EQQ468,比亚迪
鲁BGM025,日产
鲁B179CA,奥迪
鲁Y3F231,雪佛兰
鲁BM5P13,长安面包车
鲁PQ4066,丰田
鲁BX5M81,宝马
鲁UT3938,大众出租车
鲁BG300M,东风卡车
鲁BG300M,东风卡车
鲁BL089S,雪佛兰
鲁BS9W25,江淮
鲁BP2669,公交车
鲁BU100N,雪铁龙
鲁BT8910,黄牌卡车
鲁BS892X,别克
鲁BQ6656,大众出租车
鲁BQ6656,大众出租车
鲁BN8E02,日产越野车
鲁NA662K,大众出租车
鲁NA662K,大众出租车
鲁BVM791,五菱
冀AK7858,黄牌卡车
鲁B70V39,大众家用车
鲁B627AR,标致
鲁B7AX20,福特
鲁B1BK38,长城
鲁N61982,黄牌大巴
HE25004,日产越野车
鲁BN3L62,长安面包车
鲁B557FS,现代
鲁B25L13,比亚迪
鲁B25L13,比亚迪
鲁BVL803,长安面包车
鲁UT1439,大众出租车
鲁B0BB57,日产
鲁B2DY16,雪铁龙
鲁B706L8,本田
鲁UT1243,大众出租车
鲁BA9727,黄牌卡车
鲁B9BF88,别克商务车
鲁B280GG,铃木
鲁BP589J,江淮卡车
鲁B19915,黄牌大巴
鲁BBU656,雪佛兰
鲁BM7F97,大众出租车
鲁BM7F97,大众出租车
鲁B875HR,东风
鲁B875HR,东风
鲁BR710J,一汽卡车
鲁B65F60,现代
鲁B8T771,其他
鲁BDB760,东风面包车
鲁QHW376,起亚
鲁QHW376,起亚
鲁UT1614,大众出租车
鲁BAF966,丰田
鲁BYB652,起亚
鲁BM7A73,本田
鲁B0990学,大众出租车
鲁B0990学,大众出租车
鲁BX8W71,其他
鲁B1U166,本田
鲁BB0Q17,大众家用车
鲁B983V5,东风面包车
鲁UT6799,大众出租车
鲁B7AX67,雪佛兰
鲁UT7213,大众出租车
鲁BMU502,长安面包车
鲁BM107J,大众家用车
皖K07918,黄牌卡车
鲁UT0085,大众出租车
鲁UT7683,大众出租车
鲁BT1221,大众出租车
鲁B1BM69,福特
鲁BK2769,公交车
鲁B961MK,大众出租车
贵BUW207,长安面包车
鲁B79C16,金杯面包车
鲁BM2372,黄牌卡车
鲁B957QS,福特
鲁UTQ376,大众出租车
鲁GG056Y,现代
鲁UT3154,大众出租车
鲁BT0166,大众出租车
鲁B1B115,起亚
鲁U98250,公交车
鲁BR3912,黄牌卡车
冀B90456,丰田
鲁BK3T52,大众家用车
鲁BM309N,长安面包车
鲁BKE633,长安面包车
鲁GD0867,黄牌大巴
鲁B512R0,其他
鲁B512R0,其他
鲁UT7818,大众出租车
鲁BG0807,黄牌卡车
鲁BG0807,黄牌卡车
鲁B5CB56,雪佛兰
鲁UT2127,大众出租车
鲁BV2700,公交车
鲁BD6J73,现代
鲁BG505W,现代
鲁BR0Q20,雪佛兰
鲁BD5781,黄牌卡车
鲁B92V86,雪铁龙
鲁BW169M,五菱
鲁BW3B37,东风卡车
鲁BW3B37,东风卡车
鲁JAN123,大众家用车
鲁BK7S05,大众家用车
鲁BU179R,东风面包车
鲁BJ361W,现代
鲁BNY931,别克
鲁BV2675,长安面包车
鲁B557FS,现代
鲁BTQ351,大众出租车
鲁B375M6,长安面包车
鲁BU9W26,别克
鲁B833Y0,江淮
鲁UTQ117,大众出租车
浙BQ6548,比亚迪
粤CMW2902,黄牌卡车
鲁BR920A,雪佛兰
鲁FBP589,大众家用车
鲁FBP589,大众家用车
鲁KD796R,大众家用车
鲁BV8K25,长安面包车
鲁C2878G,江淮面包车
鲁C2878G,江淮面包车
鲁BN837Y,大众家用车
鲁BS3697,黄牌大巴
鲁BT1635,大众出租车
粤A02Y83,福特
鲁BY757R,别克
鲁BAW772,起亚
鲁BM965D,长安
鲁BSS219,起亚
鲁B8L333,雪铁龙
鲁BEW629,福田小卡
鲁BEW629,福田小卡
苏FD6048,黄牌卡车
鲁BW6577,其他
鲁B9CE58,长安面包车
鲁B91F21,长安
鲁B6CB53,东风面包车
鲁V58186,黄牌卡车
鲁UT9927,大众出租车
鲁BS737C,别克
鲁BA260U,现代
鲁BA260U,现代
鲁BT0153,大众出租车
鲁UT7255,大众出租车
苏KG1998,黄牌卡车
鲁BL5S30,东风卡车
鲁BL5S30,东风卡车
鲁U70369,宝马
鲁BG8N88,本田
鲁BG8N88,本田
鲁BK6675,黄牌卡车
鲁BR623T,五菱
鲁B660HW,本田
鲁B2AJ58,福特面包车
鲁BH658M,五菱
鲁V3W773,现代越野车
鲁BFM609,五菱
鲁B331N6,标致
鲁BY961E,别克
鲁BM3F95,日产
鲁B265A8,比亚迪
鲁U92307,奥迪
鲁UT9736,大众出租车
鲁BA8G51,日产
鲁BV715X,长城
鲁B1AY06,一汽面包车
鲁BDX182,长安面包车
鲁BQ6N16,东风
鲁RB765T,现代
鲁Q80P10,五菱
鲁BC1W91,别克
鲁BN9S16,五菱
鲁B89615,大众家用车
鲁BXG737,别克商务车
鲁BXG737,别克商务车
鲁P18446,黄牌卡车
鲁BD8D60,五菱
鲁BU503F,丰田
鲁BKU875,起亚
鲁新17278,奥迪
鲁B286F9,雪铁龙
鲁B97H17,日产
鲁B5F368,金杯面包车
鲁UT3930,大众出租车
鲁BR7558,黄牌大巴
豫JLJ155,东风面包车
鲁UT1234,大众出租车
鲁BK022V,大众家用车
鲁B726TC,东风
鲁BEL856,丰田
鲁BD835X,江淮
鲁B766EU,大众出租车
鲁B766EU,大众出租车
鲁BU990P,比亚迪
鲁UTQ031,大众出租车
鲁BV2R99,日产越野车
鲁B399H6,五菱
鲁B7BE95,福特
鲁RQ333N,五菱
鲁BPB095,宝马
鲁BYB856,大众出租车
鲁B1AY56,别克
鲁BE6959,黄牌卡车
鲁UT6993,大众出租车
鲁BJ7Q73,雪佛兰
鲁UT4648,大众出租车
鲁BV5877,黄牌卡车
鲁BJ665Q,日产
鲁BB155D,福特
苏G98665,黄牌卡车
鲁BW0T88,丰田
鲁BL0065,福特
鲁BL0065,福特
鲁B7AP71,大众家用车
鲁B7AP71,大众家用车
鲁B3BS06,大众家用车
鲁BXB002,丰田
鲁BV352Q,长城
鲁BEJ926,江淮面包车
鲁BEJ926,江淮面包车
鲁BM5X70,比亚迪
鲁BHS106,五菱
鲁BP833Y,金杯卡车
鲁BP833Y,金杯卡车
鲁BH1328U,黄牌卡车
鲁B52Y78,长安面包车
鲁B621JX,现代越野车
鲁NJ9L56,五菱
鲁BKE829,现代越野车
鲁BY0F30,福特
苏A0FW89,奔驰
鲁BKK062,日产
鲁B077C6,江淮卡车
鲁B957AJ,丰田
鲁BG081J,五菱
鲁BG3856,黄牌卡车
鲁B96S10,现代
鲁B208J3,东风卡车
鲁B208J3,东风卡车
鲁BT0113,大众出租车
鲁BWL973,金杯面包车
鲁B1U979,别克
鲁BQ8M30,日产越野车
京MZ2189,现代
鲁B5EV80,东风
鲁BPN798,丰田
鲁GGC708,比亚迪
鲁UT2761,大众出租车
鲁G98683,黄牌卡车
鲁BS328G,荣威
鲁BV555P,五菱
鲁B167Q2,现代
鲁BH5R67,东风面包车
鲁BP659F,荣威
鲁BU7F75,大众出租车
鲁BU7F75,大众出租车
鲁H8580Z,长安面包车
鲁B188AY,丰田
鲁BG611G,别克商务车
鲁BSD066,大众出租车
鲁B8F688,日产
鲁BF198P,雪佛兰
鲁BGN650,现代
鲁B7CE58,大众出租车
鲁YM3257,大众出租车
辽M3257,大众出租车
鲁B915EV,大众出租车
鲁B915EV,大众出租车
鲁BQ8886,公交车
鲁B79U28,福特面包车
鲁UT5255,大众出租车
鲁B595DN,起亚
津QD9710,长安面包车
鲁BX7W35,江淮
鲁B22V70,别克商务车
鲁GN302N,起亚
鲁B82S97,五菱
鲁BL325M,大众家用车
鲁BL325M,大众家用车
鲁CD7007,奔驰
鲁K45486,黄牌大巴
湘AWK157,别克
鲁BC3P59,五菱
鲁BS850S,长城
鲁BT1491,大众出租车
鲁QS0990,黄牌卡车
鲁B208J3,东风卡车
鲁B208J3,东风卡车
鲁B456NU,别克
鲁BL8196,黄牌卡车
鲁BL8196,黄牌卡车
鲁BK130L,日产
鲁BG566W,大众出租车
鲁BM7Y57,福特
鲁B21M26,东风面包车
鲁F8S202,其他
鲁F8S202,其他
鲁BW556U,起亚
鲁BFL627,日产
鲁BYY600,比亚迪
鲁B616EB,福特
鲁BE220N,长城
鲁UT3756,大众出租车
鲁BM2162,黄牌卡车
鲁BQ7E08,大众出租车
鲁BQ7E08,大众出租车
鲁B76E57,荣威
鲁QY963T,五菱
鲁B812LS,别克商务车
鲁B812LS,别克商务车
鲁B5DR52,五菱
鲁BM1N58,日产越野车
鲁UT6639,大众出租车
鲁UT0256,大众出租车
鲁BAN111,本田
鲁BA0G99,福特面包车
鲁B9F965,马自达
鲁B9F965,马自达
鲁H28368,黄牌卡车
鲁B127HP,现代越野车
鲁B89U63,别克
鲁B650P8,雪佛兰
鲁BT0364,大众出租车
鲁BV621D,奥迪
鲁BCM698,起亚
鲁B021NA,福特
鲁BUV627,日产
鲁BUV627,日产
鲁B110X8,奥迪
鲁BL633E,丰田
鲁BV3P68,雪佛兰
鲁B1AC17,五菱
鲁D0183F,五菱
鲁B9AN12,一汽卡车
鲁B9AN12,一汽卡车
鲁BU176E,别克
鲁BL1275,黄牌卡车
鲁YM7157,丰田
鲁YM7157,丰田
鲁BX0W93,长城
鲁UY8172,别克
鲁UT6468,大众出租车
鲁B7E529,起亚
鲁BE2C95,别克
京QFF096,马自达
鲁BL230W,五菱
鲁BH1U92,福田大卡
鲁BU9L97,奔驰
鲁B662QC,起亚
鲁BX5B53,起亚
鲁B8B312,别克
鲁BP3U32,五菱
鲁B725RF,福特面包车
鲁B68725,黄牌卡车
鲁BRU735,日产越野车
鲁BN163K,大众家用车
鲁BN163K,大众家用车
鲁BW929D,日产
豫SB3590,福田大卡
豫SB3590,福田大卡
鲁BT0897,大众出租车
鲁B9BW96,奇瑞
鲁BXQ272,福特
鲁B3B956,福特面包车
鲁B00M71,江淮
鲁UT4819,大众出租车
鲁B5AT28,福田小卡
鲁BNK859,标致
鲁BY7P30,日产越野车
鲁B1AT89,起亚
鲁B706DP,起亚
鲁BFE189,福特
鲁B992JY,雪佛兰
鲁UT2954,大众出租车
鲁BVK978,起亚
鲁BLN399,丰田
鲁BJ8017,公交车
鲁BKP620,大众出租车
鲁BKP620,大众出租车
鲁B9F885,丰田
鲁B953N8,长安面包车
鲁UT2516,大众出租车
鲁BQ3E17,东风面包车
鲁BQ3E17,东风面包车
鲁B0714学,大众家用车
鲁UT4427,大众出租车
鲁BM5L08,长安面包车
鲁UT6174,大众出租车
鲁BQ211D,大众家用车
鲁B15D50,比亚迪
鲁QW9775,黄牌卡车
鲁BA911W,现代
鲁BBV678,别克商务车
鲁U33153,雪铁龙
鲁GY868C,雪铁龙
鲁JWE779,别克
鲁BB971M,长安面包车
鲁BE3Y91,长城
鲁B88W39,起亚
鲁B92G19,现代
鲁B817KW,丰田
鲁BC8H67,长安面包车
鲁BK536N,现代
鲁U98991,黄牌大巴
鲁BSJ981,大众家用车
鲁BSJ981,大众家用车
鲁B726U8,别克
鲁B16351,黄牌卡车
鲁B11E53,福田大卡
鲁VVR032,日产
鲁UT5855,大众出租车
鲁B97M37,福特
鲁BJ903K,日产
鲁BP1761,黄牌卡车
鲁BM1H86,江淮卡车
鲁RE6668,黄牌卡车
鲁BU5623,黄牌大巴
鲁B6F177,丰田
鲁BQ639C,现代面包车
鲁BD711R,福田小卡
鲁BA333R,现代
鲁B9D076,奇瑞
鲁BQ813A,福田大卡
鲁M67368,本田
鲁B3DK02,现代越野车
鲁E25299,大众家用车
鲁B21311,本田
鲁B258T8,大众家用车
鲁B89J83,奥迪
鲁BE7M87,本田
鲁BQW782,福特面包车
鲁BJW178,别克商务车
鲁BYG386,别克
鲁B2T388,江淮面包车
鲁B2T388,江淮面包车
鲁FMV336,五菱
鲁B67369,黄牌卡车
鲁UT5863,大众出租车
鲁B20L31,其他
湘HL8672,五菱
鲁B068HH,铃木
鲁B5AN70,雪佛兰
鲁BC810M,福特
鲁BE781J,五菱
鲁B2BS16,别克
鲁BF958H,本田
鲁B299AG,别克
鲁VGM135,别克
鲁BJ261C,荣威
鲁UT0121,大众出租车
鲁B78S53,长安面包车
鲁BG165T,福特
鲁UT7589,大众出租车
鲁UT5207,大众出租车
鲁BF368V,本田
鲁BQH557,福特
鲁JJ9299,福特
鲁BGJ613,别克商务车
粤B0AL37,别克商务车
鲁BV179X,东风面包车
鲁BSN696,雪佛兰
鲁BT0147,大众出租车
鲁BQ7605,金杯卡车
鲁BX8K25,其他
鲁BX8K25,其他
鲁BU3866,黄牌卡车
鲁B7EA89,起亚
鲁B285T8,奇瑞
鲁BP2350,公交车
鲁UT1327,大众出租车
鲁BM6K59,五菱
鲁BXR368,长城
鲁BPS538,江淮卡车
鲁UT9731,大众出租车
鲁H42085,黄牌卡车
鲁BA6H38,其他
鲁B80S52,雪佛兰
鲁B90R05,日产越野车
鲁BE8R38,江淮
鲁VA032T,其他
鲁VA032T,其他
辽BJ2996,黄牌卡车
鲁BN3B06,福特
鲁BL670B,荣威
鲁BL670B,荣威
鲁UTQ185,大众出租车
浙CC1S63,大众家用车
鲁BU325W,五菱
鲁BY9S27,五菱
鲁BU997J,比亚迪
鲁B905W6,哈飞
鲁BY8T71,丰田
鲁BB275X,雪佛兰
鲁BU7P97,比亚迪
鲁B3M617,福特面包车
鲁B3M617,福特面包车
鲁B081FH,五菱
鲁BY2U27,五菱
苏H6R551,长安面包车
鲁BKF682,本田
鲁BNC803,福田大卡
鲁B6Y155,别克商务车
鲁UT6651,大众出租车
鲁U46118,大众出租车
鲁VFW797,标致
鲁B766SU,奥迪
鲁BJ6J03,别克
鲁B93H70,长安面包车
鲁BV8K25,长安面包车
鲁BT1291,长安面包车
鲁VQ560X,江淮卡车
鲁B61Q87,五菱
鲁BL8X53,福田小卡
鲁B125HQ,起亚
鲁BM063E,大众出租车
鲁BF6960,现代
鲁BS1B23,奇瑞
鲁BS1B23,奇瑞
鲁B92M33,长城
鲁FDX206,现代
鲁FDX206,现代
鲁BM5X37,起亚
鲁BGT686,日产越野车
鲁BL927B,福特
鲁BK920C,标致
鲁BX9K76,宝马
鲁BX9K76,宝马
鲁BB706T,雪佛兰
鲁BV1R77,大众家用车
鲁BP786H,东风面包车
鲁UT3202,大众出租车
鲁VMB666,五菱
鲁LQ8075,丰田
鲁BK128L,日产越野车
鲁BPP855,奇瑞
鲁UT5538,大众出租车
鲁BH9V73,起亚
鲁B010PC,奥迪
鲁B519JC,大众家用车
鲁BN2F96,东风
鲁BN766M,现代
鲁UTQ093,大众出租车
鲁B891A9,金杯卡车
鲁BXR586,丰田
鲁BV921E,金杯卡车
鲁UT0823,大众出租车
鲁UT2184,大众出租车
鲁B766C8,日产
鲁B7AC62,长城
鲁BU3W29,比亚迪
鲁BA579W,五菱
鲁B8DK21,福特
鲁BRQ891,长安面包车
鲁BV0958,大众家用车
鲁UT1150,大众出租车
鲁B39H09,其他
鲁BW2C25,五菱
鲁BL6862,江铃
鲁BL6862,江铃
鲁BYS915,五菱
鲁B520J6,丰田
鲁B520J6,丰田
鲁B77M62,丰田
鲁BJ067W,东风面包车
鲁BK315B,比亚迪
鲁UT6368,大众出租车
鲁B00N87,现代
鲁B6CR50,日产
鲁B179BX,荣威
鲁BMS161,本田
鲁UT7352,大众出租车
鲁UT7785,大众出租车
鲁BW7B63,大众家用车
鲁BW7B63,大众家用车
鲁B53F71,长城
鲁B53F71,长城
鲁BMG387,本田
鲁UT6213,大众出租车
豫AZ195F,长安面包车
鲁B8Y675,东风面包车
鲁B8Y675,东风面包车
鲁B052D8,别克
鲁B36205,黄牌大巴
鲁BP2301,公交车
鲁C02801,黄牌大巴
京GAA710,奥迪
鲁BDF076,东风面包车
鲁B986NQ,本田
鲁GJ1119,黄牌大巴
鲁B7K568,标致
鲁B15D31,奇瑞
鲁BT1292,大众出租车
鲁UQ7110,丰田
鲁UT5537,大众出租车
鲁BH9U66,日产
鲁B98A08,五菱
鲁B26J57,长安面包车
鲁BG0363,长安面包车
鲁BXX908,长安面包车
鲁F62119,奔驰
鲁F62119,奔驰
鲁UT0911,大众出租车
鲁BY039C,现代
皖P65771,雪佛兰
鲁BK221H,长安面包车
鲁BK9E96,江淮
鲁B21H97,铃木
鲁BML936,金杯面包车
鲁BML936,金杯面包车
鲁YDK917X,五菱
HC05229,别克商务车
HC05229,别克商务车
鲁UT0200,大众出租车
鲁BK2K85,现代面包车
鲁BK2K85,现代面包车
鲁B681X7,大众家用车
鲁BBW169,长安面包车
鲁BH0K17,日产
鲁BM225T,福特
鲁B637PD,大众家用车
鲁BF709A,其他
鲁BK3R63,起亚
鲁BD529A,长城
鲁BN6311,黄牌卡车
鲁B60W38,长安面包车
鲁BG0388,黄牌大巴
鲁B9DL36,本田
鲁B662S6,雪铁龙
鲁BE258Q,其他
鲁B178TR,别克
鲁BH189U,现代越野车
鲁BM3P99,丰田
鲁BM3P99,丰田
鲁BC3061,黄牌卡车
鲁UT1500,大众出租车
鲁BJ3G77,别克
鲁BVG917,别克商务车
鲁BVG917,别克商务车
鲁UT0061,大众出租车
鲁B271HH,现代越野车
鲁Y8X887,金杯卡车
鲁Y8X887,金杯卡车
鲁UT6178,大众出租车
豫R4F222,大众家用车
豫R4F222,大众家用车
鲁B358FQ,本田
鲁BQ7617,大众出租车
鲁UT1378,大众出租车
鲁FAJ725,长安面包车
鲁BL5Y58,长安面包车
鲁BF001N,长安面包车
鲁BQ258J,别克商务车
鲁BQ258J,别克商务车
鲁BHB787,雪佛兰
鲁BX6L91,本田
鲁B62B239,江淮卡车
鲁BR059K,大众家用车
鲁UT6504,大众出租车
鲁BR757N,宝马
鲁BV0Y21,大众家用车
鲁BV0Y21,大众家用车
鲁BC285F,长安面包车
鲁B0DL80,丰田
鲁CNZ930,大众家用车
鲁UT1551,大众出租车
鲁B93728,起亚
鲁BK8P52,五菱
鲁B267JM,起亚
鲁B30E21,起亚
鲁BK2606,公交车
闽AKG626,公交车
闽AKG626,公交车
陕A969CT,东风面包车
鲁鲁BQ201Q,别克
鲁BM537Y,雪铁龙
鲁UT9768,大众出租车
鲁BVH771,五菱
鲁BK0X72,别克
鲁UN6387,福田大卡
鲁UN6387,福田大卡
鲁UQ5550,东风面包车
鲁B52J92,日产
鲁BW799W,起亚
鲁BV110D,丰田
鲁BV8K25,长安面包车
鲁BPF220,起亚
鲁BL139T,江淮
鲁B0907学,大众出租车
鲁H1W736,现代
鲁H1W736,现代
鲁BS7179,黄牌卡车
鲁B529FG,起亚
鲁B972J6,奇瑞
鲁BU9E92,现代
鲁B185MY,宝马
鲁UY8131,本田
鲁UT0419,大众出租车
鲁YVF512,五菱
鲁BP277C,比亚迪
鲁BP277C,比亚迪
鲁BL681V,丰田
鲁BM5D95,雪佛兰
鲁BK2Q05,雪佛兰
鲁B3EA07,起亚
鲁UT2744,大众出租车
鲁B77S68,五菱
鲁BX365H,五菱
鲁BS667R,福田小卡
鲁BFH997,奇瑞
鲁BV5F73,现代
鲁BA662N,江铃
鲁BA662N,江铃
鲁BH196U,其他
鲁B307DM,雪佛兰
鲁BR3G28D,金杯卡车
鲁B6L529,雪佛兰
鲁BM860M,东风
鲁UT4338,大众出租车
鲁BN0Y62,福田小卡
鲁BWX023,现代
鲁UT7812,大众出租车
吉BEN839,大众出租车
吉BEN839,大众出租车
鲁BS7P30,长城
鲁BS920M,五菱
鲁BT1237,大众出租车
鲁BU919X,起亚
鲁BY188P,其他
鲁BY188P,其他
鲁BT0156,大众出租车
吉F53999,黄牌大巴
鲁BG6887,黄牌大巴
鲁B859C2,五菱
鲁B25E39,五菱
鲁BV8Q77,现代
鲁BD9E83,本田
鲁BUS566,现代
鲁BA5S15,其他
鲁BMW552,比亚迪
津BK7739,现代
鲁UT5803,大众出租车
鲁BC702G,福特
鲁BV105T,福特
鲁B117JX,马自达
鲁B018AA,福特
鲁BX599L,别克
苏H1B906,大众家用车
苏H1B906,大众家用车
鲁UT5947,大众出租车
鲁BA8X18,大众家用车
鲁BT1630,大众出租车
鲁B766AT,丰田
鲁BS3N05,福特
鲁B097BS,奥迪
鲁B3F716,五菱
鲁BF8187,黄牌卡车
鲁UT5462,大众出租车
鲁G7557T,别克商务车
鲁B113J2,奇瑞
鲁B73D81,哈飞
鲁BXS752,奥迪
鲁BF3J16,福特
鲁BY289K,长城
鲁B753F9,长安面包车
鲁BX773Q,日产
鲁BX773Q,日产
鲁VJW318,标致
鲁BV7787,黄牌卡车
鲁B30801,五菱
鲁JXX559,福特
鲁LKH899,长安
鲁B86X50,荣威
鲁BH2M35,本田
鲁B0CK61,日产
鲁F26620,现代
鲁B275H3,日产
鲁B36990,黄牌大巴
鲁BJ9Y77,本田
鲁BP3Y11,五菱
鲁UT3729,大众出租车
鲁BG622V,其他
鲁BG622V,其他
鲁BG622V,其他
鲁MW2717,黄牌卡车
京P35078,丰田
鲁BK1938,黄牌卡车
鲁BK6E22,五菱
鲁F21671,黄牌大巴
鲁L83982,福田大卡
鲁B2EN77,长安面包车
鲁B380MN,其他
鲁B380MN,其他
鲁BM3A68,雪铁龙
鲁BE127W,江淮卡车
鲁B858E3,长安面包车
鲁B00B83,雪佛兰
鲁BQ6722,黄牌卡车
鲁BE0D12,五菱
鲁UT6121,大众出租车
鲁BR9225,黄牌卡车
鲁UT0063,大众出租车
鲁BQ4683,五菱
鲁B029BJ,丰田
鲁BU329T,丰田
鲁BJ356S,福田大卡
鲁B959JN,东风面包车
鲁BFV525,其他
鲁UT4332,大众出租车
鲁BEE368,五菱
鲁BWQ919,雪佛兰
鲁BAD575,其他
冀T33253,黄牌卡车
豫NBG520,宝马
鲁BV806N,长安
鲁B36E87,一汽卡车
鲁B36E87,一汽卡车
鲁Q969F6,本田
鲁BP156X,五菱
鲁BU8772,江铃
鲁BU8772,江铃
鲁UT7167,大众出租车
鲁BSN563,五菱
鲁B232G9,江淮面包车
鲁B232G9,江淮面包车
鲁B232G9,江淮面包车
鲁BN176E,东风面包车
鲁BA2E21,雪佛兰
鲁BA2E21,雪佛兰
京N40C77,日产越野车
陕A63J02,现代
鲁BC0E56,马自达
鲁UT6304,大众出租车
鲁B99M07,五菱
鲁BG2076,黄牌大巴
鲁B95L77,东风
鲁B681GC,宝马
鲁B681GC,宝马
鲁B700HM,雪佛兰
鲁BE7U87,长安面包车
鲁BE663G,雪佛兰
鲁BU025K,日产
鲁BCU330,别克
鲁VD996A,其他
鲁BR393Y,标致
京N3X810,现代
鲁UT5487,大众出租车
鲁BU522M,长安面包车
粤AL0M92,起亚
粤AL0M92,起亚
鲁BR539S,福田小卡
鲁B006BG,福特
湘ARV297,现代
鲁BY018U,丰田
鲁B907K8,雪铁龙
鲁BG222V,比亚迪
鲁BY699T,起亚
鲁UT1250,大众出租车
鲁BF982C,丰田
鲁UT0309,大众出租车
鲁BS5S50,铃木
鲁B82S16,五菱
鲁BN6S60,其他
鲁BN6S60,其他
鲁UT0743,大众出租车
鲁BS5802,黄牌卡车
鲁S00556,大众出租车
鲁BC805X,其他
鲁B68D21,日产
鲁B68D21,日产
鲁BT0925,大众出租车
鲁BD3A86,长城
鲁LEL122,比亚迪
鲁BH770W,东风面包车
鲁BM0L17,福田小卡
鲁B6Q619,马自达
鲁B6Q619,马自达
鲁BN9922,黄牌卡车
鲁QY091L,五菱
鲁G83935,黄牌卡车
鲁B8CV17,大众家用车
鲁UY2111,别克
鲁BP133X,比亚迪
豫K43656,黄牌大巴
京BV533EE,哈飞
鲁BNS282,长安面包车
鲁BJ639B,奇瑞
鲁UT6855,大众出租车
鲁G70053,黄牌大巴
鲁UT2561,大众出租车
鲁BQU757,奇瑞
鲁B026F6,现代
鲁BES675,五菱
鲁BP189E,江淮卡车
鲁A297CX,五菱
鲁FU2092,黄牌大巴
鲁HGF209,五菱
鲁JKY580,雪佛兰
鲁BP0209,黄牌卡车
鲁BN6T77,福田大卡
鲁BC698U,东风面包车
鲁BC698U,东风面包车
鲁BM199C,长安面包车
鲁B303FQ,福特
鲁B880T8,大众家用车
鲁YM3257,大众家用车
鲁UTQ083,大众出租车
闽AGK630,日产
鲁BS968L,日产越野车
鲁BCK992,福田大卡
鲁BE3K69,丰田
鲁BUF316,丰田
鲁BS5802,黄牌卡车
鲁A529T3,长安面包车
鲁BP815E,奇瑞
鲁BT0645,大众出租车
鲁Q690AH,长安面包车
鲁B17Q39,长安面包车
鲁B375K9,福田大卡
鲁BG3T11,荣威
鲁BU6507,黄牌卡车
鲁BVH561,日产
鲁BR6G02,江淮面包车
鲁BR6G02,江淮面包车
鲁U98259,公交车
鲁BK1J76,福田小卡
鲁BC631G,长安面包车
鲁UT7696,大众出租车
鲁B3A879,本田
鲁BK1U67,雪铁龙
鲁BK1U67,雪铁龙
鲁BA7R30,大众出租车
鲁BA7R30,大众出租车
鲁K45783,黄牌大巴
鲁B138MD,宝马
鲁BK792M,大众家用车
鲁B308QR,起亚
鲁BX611P,长安面包车
鲁B8BV58,现代
鲁BK610H,其他
鲁B690BM,大众出租车
鲁BE631F,别克
鲁BU127C,东风面包车
鲁BX991G,长安面包车
鲁BE395T,起亚
鲁BX577T,本田
鲁BD6V79,别克
鲁BV593H,起亚
鲁BF3D03,起亚
鲁G866B6,丰田
鲁B119FR,长城
鲁BGJ172,其他
鲁BK0X72,别克
鲁UT9769,大众出租车
鲁BA2W92,丰田
鲁B81Y37,长安
鲁B81Y37,长安
鲁BB618G,荣威
鲁GJ605W,五菱
鲁BT1501,大众出租车
鲁UT6959,大众出租车
鲁B3BP16,福特
鲁B889CM,铃木
鲁BXQ169,奥迪
鲁BY063K,起亚
鲁B80L36,五菱
鲁BS620X,现代越野车
鲁BG0390,黄牌大巴
鲁BRR823,东风面包车
鲁UT7213,大众出租车
鲁BC2P02,福田小卡
鲁B50X28,别克
鲁BX396K,别克
鲁BL353Q,金杯面包车
鲁BM8R95,五菱
沪JH0026,大众家用车
鲁B75E12,长安面包车
鲁BX1M58,五菱
鲁B7CB81,别克
鲁BJ9D61,奇瑞
鲁B099S8,现代
鲁V96330,大众出租车
鲁V96330,大众出租车
鲁UN8078,丰田
鲁BN315D,现代
鲁BN315D,现代
鲁BG5133,黄牌卡车
鲁B860FK,五菱
鲁B85E02,雪佛兰
鲁BBA805,福特
苏G9825D,黄牌卡车
鲁BM137P,别克
鲁BL6D22,日产
鲁BNK399,马自达
鲁BE059K,五菱
鲁B800PU,其他
鲁GM8816,黄牌卡车
鲁B082K9,金杯面包车
鲁UT2999,大众出租车
鲁BR939M,福特
鲁UT5055,大众出租车
鲁B29E76,东风
鲁BE7M26,本田
鲁YDN050,标致
鲁YDN050,标致
鲁UA5968,日产
鲁UA5968,日产
鲁BL512G0,金杯卡车
鲁BQ805N,别克
鲁BP839K,起亚
鲁UT0110,大众出租车
鲁BRR133,起亚
鲁BLL670,别克
鲁BR090F,一汽面包车
鲁BR090F,一汽面包车
鲁F20531,黄牌大巴
鲁BY577Y,东风面包车
鲁BM786D,金杯面包车
鲁B5CN09,长安面包车
鲁BF636P,雪佛兰
鲁B6W583,其他
鲁UD3051,福特
鲁BN2J76,福田大卡
鲁BS686G,其他
鲁BX578K,五菱
京N579C2,大众出租车
京N579C2,大众出租车
鲁B57Y97,长安面包车
鲁BR6A88,丰田
鲁BK7H72,现代越野车
鲁BG258S,哈飞
鲁BG258S,哈飞
鲁BL7G75,五菱
鲁BC2W58,起亚
鲁B38030,金杯面包车
鲁BX596C,起亚
鲁B573N2,东风面包车
鲁BLQ893,丰田
鲁BLQ893,丰田
鲁BLQ893,丰田
鲁BJ8109,黄牌卡车
鲁BJ8109,黄牌卡车
鲁B277EM,大众家用车
鲁BBR296,奥迪
苏FG9572,五菱
鲁BDN812,起亚
鲁BGA633,长安面包车
鲁UT5305,大众出租车
鲁B6BS80,大众家用车
鲁FM1888,黄牌大巴
鲁B662C0,五菱
鲁BRD715,标致
鲁B8EP88,马自达
鲁BS860T,长城
鲁BHE367,大众出租车
鲁VY0103,大众家用车
鲁B137SC,大众家用车
豫N59151,黄牌卡车
鲁BG902D,福特面包车
鲁B5BA50,起亚
鲁LGF099,比亚迪
鲁BE9X69,五菱
苏LBD8K67,大众家用车
鲁BD8K67,大众家用车
鲁BV357W,比亚迪
鲁UT7175,大众出租车
鲁BB3H58,起亚
鲁BY9L60,起亚
鲁BSY396,长安面包车
鲁UT3593,长安面包车
鲁BGM350,现代面包车
京QA6G71,别克商务车
鲁BQ5A08,东风面包车
鲁BQ5A08,东风面包车
鲁BLW720,本田
鲁BH5G28,丰田
鲁BJ8G75,荣威
鲁BJ8G75,荣威
鲁BK2G39,现代
鲁B8DK83,东风面包车
鲁B993H8,起亚
鲁BP2390,公交车
鲁B80K01,起亚
鲁BD065D,大众家用车
鲁B1H571,马自达
鲁BBU209,丰田
鲁BQ9098,黄牌大巴
鲁BS6127,黄牌卡车
鲁BM379W,雪佛兰
鲁BVH333,奇瑞
鲁BY6P70,福特
鲁BLQ069,现代越野车
鲁SH2079,别克商务车
鲁BU3616,大众家用车
鲁A027EH,大众出租车
鲁A027EH,大众出租车
鲁UTQ136,大众出租车
鲁BA9L08,雪佛兰
鲁UT6683,大众出租车
鲁BSW706,五菱
鲁BK001S,长安面包车
鲁BAN328,别克
鲁BH638A,奥迪
鲁UT2316,大众出租车
鲁BU3G37,长城
鲁B12R65,福特
鲁B806SY,日产越野车
鲁B806SY,日产越野车
鲁V3T177,中华
鲁BC370X,福田大卡
鲁BC370X,福田大卡
鲁BC3P56,五菱
鲁BSS926,奇瑞
鲁BY3K36,东风面包车
鲁BG951J,金杯面包车
鲁B19C58,日产越野车
鲁B19C58,日产越野车
鲁UT6539,大众出租车
鲁BQ2T70,大众出租车
鲁B603W7,一汽面包车
鲁R9L622,一汽面包车
鲁B73B56,东风面包车
吉AG317H,本田
鲁UF0398,宝马
鲁BM6232,黄牌卡车
鲁BW7Q18,五菱
鲁B800SQ,福特
鲁BQ9T50,现代
鲁BWY091,本田
鲁B933D1,长安面包车
鲁B086HN,丰田
鲁B086HN,丰田
鲁BT0524,大众出租车
鲁BYT819,本田
鲁UT7560,大众出租车
鲁BG715X,五菱
鲁BUT216,大众家用车
鲁BUT216,大众家用车
鲁B517MU,现代
鲁B65A36,起亚
鲁BG333Y,其他
鲁BP8300,黄牌大巴
鲁B0EL71,长安面包车
鲁BR699H,东风卡车
鲁BR699H,东风卡车
鲁UT5150,大众出租车
鲁B829G8,大众家用车
鲁B829G8,大众家用车
鲁UN9099,雪佛兰
鲁BHM898,起亚
鲁B38158,黄牌卡车
鲁FUF173,日产越野车
鲁B563S1,长安面包车
鲁UT9711,大众出租车
鲁BH951Q,丰田
鲁BN5600,公交车
鲁B1DU27,公交车
鲁B516E0,别克商务车
鲁BC130N,现代
鲁BT1105,大众出租车
鲁B698GE,雪佛兰
鲁BT1025,大众出租车
鲁BJ9G91,五菱
鲁BT1288,大众出租车
鲁BW860W,五菱
鲁BT8380,黄牌卡车
黑CJ2869,大众家用车
鲁BW623B,起亚
鲁BC1Q79,丰田
鲁B2AY36,一汽面包车
鲁B1AM98,哈飞
鲁BA056N,东风面包车
鲁BA503F,长安面包车
鲁BNY723,比亚迪
鲁BNY723,比亚迪
鲁B106KP,福特
鲁BB606G,别克
鲁BGY507,别克
鲁BE7017,黄牌卡车
鲁CWQ167,大众出租车
鲁CWQ167,大众出租车
鲁B136M9,别克
鲁B025NY,现代
鲁BWP330,马自达
鲁BR1D23,荣威
鲁B9S375,大众出租车
鲁A188EA,现代
鲁BK118E,五菱
鲁B80F21,福特
鲁BC9J90,长安面包车
鲁BH0Q59,福特
鲁UT6779,大众出租车
鲁B739J0,马自达
鲁BG396F,东风面包车
鲁BG396F,东风面包车
苏H44G64,日产
鲁BF3N30,丰田
鲁B20R29,雪佛兰
鲁BSK895,金杯卡车
鲁BT1003,大众出租车
鲁GQG580,大众出租车
鲁B317BS,长安面包车
鲁B356M8,比亚迪
鲁B356M8,比亚迪
鲁BS2603,黄牌卡车
鲁B621EE,宝马
鲁BN8N10,福田大卡
鲁B752LY,福特
鲁B069LR,江淮面包车
鲁B069LR,江淮面包车
鲁BA230K,奥迪
鲁F28359,黄牌大巴
鲁B88Q99,日产
鲁BEB858,起亚
鲁B6DA13,长安面包车
鲁UN1767,东风面包车
鲁B652CH,大众家用车
鲁B2J668,丰田
鲁UP0822,别克
鲁Q370F6,福田小卡
鲁BY9P83,东风面包车
鲁BCG771,金杯卡车
鲁BCG771,金杯卡车
鲁BJ995V,大众出租车
鲁BJ995V,大众出租车
鲁BF6D79,雪铁龙
鲁BJ590U,比亚迪
鲁B108GG,奇瑞
鲁BQ535W,东风面包车
鲁U31590,其他
鲁UT1601,大众出租车
鲁BB019T,别克
鲁BA9L76,雪铁龙
鲁UT1648,大众出租车
鲁BX162C,长安面包车
鲁BMN168,奇瑞
鲁BMN168,奇瑞
鲁BEY907,雪铁龙
鲁BCB905,铃木
鲁BB8W07,本田
鲁B5EC35,江淮面包车
鲁B5EC35,江淮面包车
鲁B2DA17,福田小卡
鲁B2DA17,福田小卡
鲁BA7S69,日产
鲁GD0867,黄牌大巴
鲁UT7577,大众出租车
鲁B5BT58,长城
鲁N37776,黄牌卡车
鲁BS6P31,比亚迪
鲁B731V8,比亚迪
鲁UP1300,现代面包车
鲁UP1300,现代面包车
吉A031L8,中华
吉A031L8,中华
吉A031L8,中华
鲁BD7V85,日产
鲁B872GD,福特
鲁B7J953,长安面包车
鲁UT0809,大众出租车
鲁B105V8,奇瑞
鲁BR8311,黄牌大巴
鲁B395LN,大众家用车
鲁B37C20,大众家用车
鲁BKW113,本田
鲁GK753J,福田小卡
鲁B271N3,五菱
鲁BQF936,现代
鲁UT3708,大众出租车
鲁B633DK,起亚
鲁YC0308,黄牌卡车
鲁YC0308,黄牌卡车
鲁BH322U,江铃
鲁BH322U,江铃
鲁B759FV,起亚
鲁BT1490,大众出租车
鲁BR511Y,长城
鲁BP391S,海马
鲁BY002P,本田
鲁BL3T59,别克
鲁BA926T,长安面包车
鲁B3L683,雪佛兰
鲁B572T2,奇瑞
闽BM6222,本田
鲁BK992V,五菱
鲁UT5972,大众出租车
鲁BSY039,大众家用车
鲁B823Y7,大众出租车
鲁BR1E92,雪佛兰
鲁BN5D18,雪佛兰
鲁B559JK,宝马
鲁FF1391,长安面包车
鲁BC297Q,福田小卡
鲁B020GQ,比亚迪
鲁BM019C,丰田
鲁BN7B50,大众家用车
鲁BK9730,金杯面包车
鲁BFB923,五菱
鲁BXQ811,东风面包车
闽BW9658,奥迪
鲁B209P6,比亚迪
鲁BC926Q,长安面包车
鲁BC211S,比亚迪
鲁BF101K,长城
吉A23H45,奔驰
鲁BA2E21,起亚
鲁B1473学,黄牌大巴
鲁BH7W53,本田
鲁B56215,黄牌卡车
鲁B7Q908,日产
鲁BG1623,日产
鲁B691GM,标致
鲁B617T2,日产
鲁BHN356,别克
豫JNG990,一汽面包车
豫JNG990,一汽面包车
鲁BP9591,黄牌卡车
鲁BP292E,福田小卡
鲁QN196C17,标致
鲁B7CF70,雪佛兰
鲁B75H79,五菱
鲁B5CK75,别克
鲁B563N7,现代越野车
鲁B130L7,五菱
鲁BS313V,长安
鲁B223M8,长安面包车
鲁UT0331,大众出租车
鲁BL1P38,五菱
鲁B589JR,丰田
鲁B069LR,江淮面包车
鲁B069LR,江淮面包车
鲁B9E763,五菱
鲁U56087,大众家用车
鲁BJ8V29,长安面包车
鲁BW7M61,福田小卡
鲁B288BV,起亚
鲁BP2650,公交车
鲁BT1506,大众出租车
鲁BNL689,现代
鲁UT6896,大众出租车
鲁BV3778,黄牌大巴
鲁BHD095,奇瑞
鲁BT0690,大众出租车
鲁BR2L82,比亚迪
鲁B569W8,奇瑞
鲁BY851K,福田大卡
鲁UU9737,本田
鲁B861X2,江铃
鲁BW6T20,现代
川BS2081,黄牌卡车
鲁B578W3,江淮
鲁BL2998,宝马
鲁BL2998,宝马
鲁BQ651G,福特
鲁BV091B,大众出租车
鲁BV091B,大众出租车
鲁B532B1,现代面包车
鲁B532B1,现代面包车
鲁UT9716,大众出租车
鲁B12G68,长安面包车
鲁BU7Q11,长城
鲁B6CB05,五菱
鲁BP9096,黄牌卡车
鲁B27E39,长安面包车
鲁BG5793,黄牌卡车
鲁F28396,黄牌大巴
苏A4915G,五菱
鲁BRQ111,奇瑞
鲁B61G37,东风面包车
鲁B398S8,长安面包车
鲁BY721E,丰田
鲁B71A60,江淮
鲁B139QF,起亚
鲁BB5Q69,江淮
鲁BV5W38,江淮卡车
鲁BU5T77,起亚
鲁U56987,长安面包车
鲁BWE670,奇瑞
鲁BWL931,大众家用车
鲁BQ651G,大众家用车
鲁BY9F26,丰田
鲁UE0823,福特
鲁B323BL,雪佛兰
鲁BE661P,福特
鲁BY0D69,日产越野车
鲁BC2X23,金杯面包车
鲁BSU258,其他
鲁BL7Y88,起亚
鲁UT2845,大众出租车
鲁BU661L,东风面包车
鲁B5CJ19,黄牌卡车
鲁B5CJ19,黄牌卡车
鲁B1AS83,江淮面包车
鲁B1AS83,江淮面包车
鲁BW963Q,金杯面包车
鲁UT1978,大众出租车
鲁UT3706,大众出租车
鲁BH558M,日产越野车
鲁B625R6,东风
鲁LN7013,别克
鲁BY566C,其他
鲁R18E82,江淮
鲁UT0854,大众出租车
鲁BL0D83,奔驰
鲁BL0D83,奔驰
鲁B228D7,现代越野车
鲁BL363P,现代
鲁UT1150,大众出租车
鲁B013E2,五菱
鲁E27621,黄牌卡车
鲁K80725,黄牌大巴
鲁BC7M30,长安面包车
鲁UT5620,大众出租车
鲁FP0850,黄牌大巴
鲁B00J21,现代
鲁B3B956,现代
鲁UT0935,大众出租车
鲁UT6735,大众出租车
鲁GM8502,黄牌卡车
豫K48950,黄牌大巴
鲁U98327,公交车
鲁UT5495,大众出租车
鲁B7DG98,江铃
鲁BX793K,大众出租车
鲁BX793K,大众出租车
鲁V85380,江淮卡车
鲁BV708F,现代
鲁BM8N81,丰田
鲁BR2P29,起亚
鲁VJ3610,黄牌大巴
鲁BY3M36,别克
鲁B267JM,起亚
鲁UT3366,大众出租车
鲁B5CY85,长安面包车
鲁FF1166,黄牌大巴
鲁BU5199,别克
鲁BP770F,别克
鲁BJV762,现代
鲁B199PD,大众出租车
鲁UT1613,大众出租车
鲁UT5836,大众出租车
鲁BY676W,大众家用车
鲁BL336M,起亚
鲁新U1125,大众出租车
鲁BB5U10,本田
鲁BP089P,长安面包车
鲁B787LX,起亚
鲁B09H05,江淮
鲁B0714学,大众家用车
鲁B225JH,大众家用车
鲁BD890T,马自达
鲁UT2837,大众出租车
鲁BVQ179,本田
鲁BU3K13,东风
鲁U63916,金杯面包车
鲁BX188B,起亚
鲁VS627D,江淮
鲁B217A8,比亚迪
鲁B605T2,海马
鲁B605T2,海马
鲁BW886P,福特
鲁BY719U,东风面包车
鲁BB2L38,雪佛兰
鲁UF5752,现代
鲁BY123UX,东风面包车
鲁U60286,其他
鲁U60286,其他
鲁BV1F92,别克商务车
鲁BV1F92,别克商务车
鲁B9R210,江铃
鲁B9R210,江铃
鲁UT5063,大众出租车
鲁QP071U,五菱
鲁BG1598,黄牌大巴
鲁VBQ925,雪铁龙
鲁BH662Q,现代
鲁UT7923,大众出租车
鲁BP5016,长安面包车
鲁B93G86,丰田
鲁BJ2S75,东风面包车
鲁AC2603,黄牌卡车
鲁BU5D35,五菱
鲁BJN895,五菱
鲁UT9685,大众出租车
鲁BV6665,黄牌卡车
鲁BH202S,大众出租车
鲁BV529L,大众家用车
鲁UT4535,大众出租车
豫PX7008,五菱
鲁BCA796,别克
鲁UT1959,大众出租车
鲁BRU178,五菱
鲁BH7S55,其他
鲁BC181V,长安面包车
鲁BQ922Y,长安面包车
鲁B532Q7,五菱
鲁BP327L,雪佛兰
鲁BN3985,公交车
鲁FA2862,黄牌卡车
鲁BHS869,长安面包车
鲁BQ2658,黄牌大巴
鲁BG5N37,东风面包车
鲁B083C8,现代
鲁BQ8882,公交车
鲁B620JW,日产
鲁BA971B,比亚迪
鲁B3CC26,比亚迪
鲁BU8R07,现代
鲁B20F06,五菱
鲁BP821N,福田小卡
鲁BC2T88,日产越野车
鲁PYM033,其他
鲁BV919X,大众家用车
鲁UN1018,别克
鲁B376H6,比亚迪
鲁BN702C,东风面包车
鲁B1AJ59,五菱
鲁B919TK,其他
鲁BDL066,日产
鲁B006W0,其他
鲁BP7215,雪铁龙
京N5Q970,奥迪
鲁B7AX20,福特
鲁EL9971,福特
鲁B826PQ,别克
鲁B167Q2,现代
鲁VB698Y,长安面包车
鲁UW1111,奔驰
鲁BU0A30,别克
鲁BM067W,大众家用车
鲁B7AN20,其他
鲁B9BG76,别克
鲁BN0Y62,福田小卡
鲁BN783M,别克
鲁BU769H,别克
鲁UE1626,别克
鲁Q0723B,黄牌卡车
鲁BQ751T,哈飞
鲁BQ751T,哈飞
鲁BR388G,金杯卡车
鲁BR388G,金杯卡车
鲁新P6968,长安面包车
鲁RAU985,五菱
鲁B016M1,东风卡车
鲁BFN518,别克
鲁UT0505,大众出租车
鲁B57U66,大众家用车
鲁B6A219,金杯卡车
鲁BHX669,日产
鲁BG201R,现代
鲁BU122B,五菱
鲁BN708B,别克
鲁BG3530,黄牌大巴
鲁B069KM,奇瑞
鲁B069KM,奇瑞
鲁BV931G,五菱
鲁BR12311,东风面包车
鲁BR1231,东风面包车
鲁BN2J79,东风面包车
鲁BK6K29,比亚迪
鲁BD877G,其他
京QPR718,奥迪
鲁BA3F59,马自达
鲁BV2598,公交车
鲁BF6G60,五菱
鲁B81D30,起亚
鲁B5DK52,长安面包车
鲁BS1237,黄牌大巴
鲁BR3208,黄牌大巴
鲁BJC993,大众出租车
鲁BJC993,大众出租车
鲁BV383F,大众家用车
鲁BY355C,起亚
鲁B9C665,丰田
鲁UT5616,大众出租车
鲁BL9886,黄牌卡车
鲁BB078D,日产
鲁BZ0327,别克商务车
鲁B808RF,福特
鲁E9H456,大众出租车
鲁B596QJ,别克
鲁B166FL,日产
鲁YD6892,大众家用车
鲁YD6892,大众家用车
鲁BX530W,宝马
鲁BX530W,宝马
鲁BWT936,黄牌卡车
鲁BWT936,黄牌卡车
鲁Y8K677,福田大卡
鲁Y8K677,福田大卡
鲁BWN065,其他
鲁B61G75,马自达
鲁B61G75,马自达
鲁UT2907,大众出租车
鲁BJ815V,现代
鲁B3BY81,东风卡车
鲁B780GF,别克
鲁BW029W,福特面包车
鲁BL967A,比亚迪
鲁BQ6213,黄牌卡车
鲁BC9B36,大众家用车
鲁BK2606,公交车
鲁BP069A,别克商务车
鲁B11Y01,五菱
鲁U64697,长安面包车
鲁BT1612,大众出租车
鲁BU275L,比亚迪
鲁BU275L,比亚迪
鲁BW616B,江淮
鲁BE798V,长安面包车
鲁CT5008,大众出租车
鲁B063H7,大众家用车
鲁BH8582,黄牌卡车
鲁B2R727,丰田
鲁BM605Q,大众家用车
鲁B3M617,其他
鲁BG7S63,长安面包车
鲁BV0G22,起亚
鲁BF878U,长安面包车
鲁SGH663,比亚迪
鲁BS605S,丰田
鲁BLS511,长安面包车
鲁B239RR,宝马
鲁BR5E91,金杯面包车
黑NE8376,其他
鲁BK360L,五菱
鲁BN8097,大众出租车
鲁BN8097,大众出租车
鲁BYQ001,比亚迪
鲁BR837N,起亚
鲁B096GE,别克
鲁BYU882,长安面包车
鲁BC6H87,五菱
鲁B689P1,长安面包车
鲁BBA805,福特
鲁B6R687,现代
鲁BB823N,五菱
鲁BP2680,公交车
鲁BJ520P,日产越野车
鲁BV897W,起亚
鲁BUK036,五菱
鲁B167RL,别克
鲁BQ073C,现代
鲁UT2846,大众出租车
鲁BPY568,大众家用车
鲁BPY568,大众家用车
鲁BV2X65,长安面包车
鲁B596G0,大众出租车
鲁BD0D19,现代
鲁B39780,黄牌卡车
鲁ABT757,长城
鲁BJ3205,黄牌卡车
鲁BU1Y87,长城
鲁B3CY36,日产
鲁UT4017,大众出租车
鲁BBS815,大众出租车
鲁B9F285,别克
鲁BWG897,比亚迪
鲁BRU039,五菱
鲁BK8A52,东风面包车
鲁R32A86,雪铁龙
鲁BK592K,现代越野车
鲁BK592K,现代越野车
鲁BQ968C,大众家用车
冀AU1778,黄牌卡车
鲁UT9165,大众出租车
鲁E8539D,大众家用车
鲁UT2957,大众出租车
鲁FB1105,黄牌大巴
鲁UY7692,雪铁龙
鲁BR379N,五菱
鲁B7U137,本田
鲁B7EN33,五菱
鲁BR7878,黄牌卡车
鲁BK050C,长城
鲁BVJ001,五菱
鲁B769JK,丰田
鲁NTR303,奇瑞
鲁NTR303,奇瑞
鲁UT1979,大众出租车
鲁B779RU,宝马
鲁B11B39,长安面包车
鲁B539P6,东风面包车
鲁UT1659,大众出租车
鲁B891MW,别克商务车
鲁B891MW,别克商务车
鲁BQ8Y36,其他
鲁B376FE,东风面包车
鲁BS3Y62,福田大卡
鲁UT1200,大众出租车
鲁UY6595,福特
鲁UY6595,福特
鲁B48999,黄牌卡车
鲁BA3J58,雪佛兰
鲁B5AA39,长安面包车
鲁BE902Y,起亚
鲁B59L82,其他
鲁B207V8,长安
鲁UQ9005,本田
鲁BX851Q,福田大卡
鲁BU3852,黄牌卡车
鲁B916R8,其他
鲁UT1331,大众出租车
鲁BY123S,五菱
鲁LX2125,五菱
鲁BC6W38,起亚
鲁BX373G,江铃
鲁UT3838,大众出租车
鲁BX6B06,起亚
鲁UT9981,大众出租车
鲁B560CD,标致
鲁B560CD,标致
鲁BY521M,长安面包车
鲁BA528B,福特
鲁BK866P,东风面包车
鲁B9A060,日产
鲁B86M27,五菱
鲁UN6293,雪铁龙
吉AG317H,本田
鲁BGP923,本田
鲁BGP923,本田
鲁B016V8,别克
鲁B706N6,大众家用车
鲁UT3688,大众出租车
鲁BP278L,现代
晋B79312,黄牌卡车
鄂J8H683,现代
鲁UT4485,大众出租车
粤B389J1,长安面包车
鲁BCR981,五菱
鲁B1F987,日产
鲁B757FR,本田
鲁BY329Q,本田
鲁BB7W90,福田小卡
鲁BB7W90,福田小卡
鲁B1J901,别克
鲁BE680Y,大众家用车
鲁BE680Y,大众家用车
鲁BVD078,福田小卡
鲁PQD388,福田大卡
鲁B68M88,别克
鲁B8N882,大众家用车
鲁BR7753,黄牌大巴
鲁UT0077,大众出租车
鲁B770KW,丰田
鲁BP5E26,雪佛兰
鲁UT3997,大众出租车
鲁B8BT79,福特
粤B0AL37,大众家用车
鲁B32V63,福田小卡
鲁LJ9863,福田大卡
鲁B605KK,起亚
鲁BGK382,福田小卡
鲁B69T903,江淮卡车
鲁BPK577,江淮卡车
鲁BJ818P,别克商务车
鲁BE566G,铃木
鲁B6F277,丰田
鲁BN8W33,丰田
鲁B25U11,日产
鲁BU1T98,长安面包车
鲁B2AD86,江铃
鲁B2AD86,江铃
鲁BYR510,其他
鲁BE327X,江淮
鲁BFW063,现代越野车
鲁BT0601,大众出租车
鲁VD537S,日产
鲁B8C373,马自达
鲁B953CC,别克商务车
鲁B2DY37,福特
鲁RKV898,奇瑞
鲁BF091A,现代
鲁Q0307A,黄牌大巴
鲁B627N9,东风面包车
鲁BJ892S,东风面包车
鲁BS9D02,别克
鲁BXQ969,本田
鲁BU651B,五菱
鲁BH7890,黄牌卡车
鲁B8CS85,福特
鲁B8CS85,福特
鲁BJ526C,五菱
鲁BPE538,其他
鲁UT5440,大众出租车
鲁BE995H,福田小卡
鲁BC376J,福特
鲁BY063K,起亚
鲁B782A1,福田小卡
鲁B782A1,福田小卡
鲁YT5993,雪铁龙
鲁UT2604,大众出租车
鲁BH7W53,大众出租车
鲁BT0250,大众出租车
鲁BG396X,别克
鲁BQ8L68,大众家用车
鲁BPM853,其他
鲁UT4357,大众出租车
鲁F23503,黄牌大巴
鲁LA7888,黄牌大巴
鲁BA9K60,长安面包车
鲁BP0970,黄牌卡车
鲁BM962C,长安面包车
鲁B3CC26,日产
鲁B20W63,长安面包车
鲁BF871X,大众家用车
鲁BF871X,大众家用车
鲁FAJ725,长安面包车
鲁BD8R39,起亚
鲁B979SA,奥迪
鲁B979SA,奥迪
鲁B979SA,奥迪
鲁BY069U,长城
鲁BE2E38,日产
鲁B239HB,大众家用车
鲁BS997X,现代
鲁BG163W,别克
鲁BG163W,别克
鲁B9AP69,金杯面包车
鲁B2CG58,长安面包车
鲁B9BU16,大众家用车
鲁BVP615,雪佛兰
鲁B821LB,起亚
鲁BQ3528,黄牌卡车
鲁BEY862,起亚
鲁B25120,公交车
鲁UT5298,大众出租车
鲁UT5301,大众出租车
鲁UT7200,大众出租车
鲁B7J575,长安面包车
鲁UT6631,大众出租车
鲁BU6551,雪铁龙
鲁BGK227,起亚
鲁F21613,黄牌大巴
鲁BX8N21,长安面包车
鲁BY355C,起亚
鲁BN033G,五菱
鲁B526RT,日产
鲁B526RT,日产
鲁D73639,黄牌卡车
鲁B17505,别克
鲁BT1291,大众出租车
鲁BL071M,其他
鲁S38697,黄牌卡车
鲁BY6A58,别克
鲁UT7673,大众出租车
鲁U90555,本田
鲁BSQ356,海马
鲁B855FY,长安面包车
鲁BX116E,长安面包车
鲁BEK702,金杯面包车
鲁BL3L26,黄牌卡车
鲁BL3L26,黄牌卡车
鲁B088JH,本田
鲁BY282C,五菱
鲁B5BY02,福田大卡
鲁BR017H,江淮卡车
鲁BK071E,福田小卡
鲁BN311Q,别克
鲁BK156W,起亚
鲁B6R360,丰田
鲁BM9R06,长安面包车
鲁B097CA,本田
鲁BD021R,大众家用车
鲁VG279U,长安面包车
鲁BL6A26,福田小卡
鲁BL6A26,福田小卡
鲁BXX870,丰田
鲁BSG020,丰田
鲁B7EN72,东风面包车
鲁B38F85,福田小卡
鲁UT5611,大众出租车
鲁BJ861D,大众出租车
鲁BU067B,福特
鲁B1DU27,别克商务车
鲁BT1629,大众出租车
鲁FDA066,雪铁龙
鲁B89H33,奇瑞
鲁B5DJ25,长城
鲁JJ1533,雪佛兰
鲁UT6836,大众出租车
鲁LA9818,黄牌大巴
鲁K32602,黄牌卡车
鲁B1EF96,大众家用车
鲁UT5154,大众出租车
鲁BU1F93,江淮面包车
鲁BU1F93,江淮面包车
鲁BU1F93,江淮面包车
鲁BY176P,福田小卡
鲁BY176P,福田小卡
鲁BQ3U11,标致
鲁BN1822,黄牌卡车
鲁BM085F,别克
鲁BBA805,福特
鲁VL966J,奥迪
鲁BG6T26,五菱
鲁B77V89,奥迪
鲁B3BN79,长安面包车
鲁BW098X,江淮
鲁BB8F06,别克
鲁BS5522,黄牌卡车
鲁BK8E86,奇瑞
鲁B991ET,本田
鲁B80E02,五菱
鲁B8DG26,长城
鲁B8DG26,长城
鲁B791V8,江淮
鲁BW5H61,福特
鄂J2F005,本田
鲁BX9C18,东风面包车
苏F277HF,长城
鲁BT0075,大众出租车
鲁B48627,黄牌大巴
鲁UT2278,大众出租车
鲁BX958T,比亚迪
鲁BGY591,别克
鲁BX320Q,日产
鲁B7C187,别克商务车
鲁B7C187,别克商务车
鄂BQ6E76,福田小卡
鲁BY8U65,日产越野车
鲁BL7J58,大众出租车
鲁B658H7,现代越野车
鲁B7C897,大众出租车
鲁BV3J15,福田大卡
鲁BK0521,黄牌卡车
鲁UT7958,大众出租车
鲁BA078E,别克
鲁BT0583,大众出租车
鲁BD1G21,五菱
鲁B116CE,福特
鲁VG931G,江淮
鲁GK230A,五菱
鲁UT5531,大众出租车
鲁UT2411,大众出租车
鲁BW6P69,东风面包车
鲁BW6P69,东风面包车
鲁QA2531,黄牌大巴
鲁BK7P26,别克
鲁K29266,黄牌卡车
豫EWH826,现代越野车
鲁BN7X78,荣威
鲁BL5R01,福田大卡
鲁BM6663,黄牌卡车
鲁B718EB,比亚迪
鲁BU087T,东风卡车
鲁BU087T,东风卡车
鲁BVQ803,长城
京N3MU33,五菱
鲁BA828Y,长城
鲁BA828Y,长城
鲁A15E03,大众出租车
鲁B7CF70,雪佛兰
鲁GG900P,现代
鲁B39129,五菱
鲁BN7L25,五菱
鲁UT9785,大众出租车
鲁U51301,别克
鲁BM332Y,别克
鲁BQ136T,日产
鲁UT1346,大众出租车
鲁BN673C,江淮
鲁UU8652,马自达
鲁BM611W,大众家用车
鲁B2CV38,中华
鲁UT1995,大众出租车
鲁B93J61,大众家用车
鲁B93J61,大众家用车
鲁UT5923,大众出租车
鲁BA9D87,日产
鲁YDF952,大众出租车
鲁B327DD,大众家用车
鲁BD1P81,大众家用车
鲁B871D2,比亚迪
鲁B12238,金杯面包车
鲁B12238,金杯面包车
鲁BP679E,本田
鲁UT6070,大众出租车
鲁B5AN10,五菱
鲁BT1269,大众出租车
鲁B131V8,大众家用车
辽D3798B,大众家用车
鲁B3H219,其他
鲁B361N9,起亚
鲁UT2083,大众出租车
鲁BXE001,大众家用车
鲁UT0917,大众出租车
鲁B73V83,丰田
鲁BD178D,铃木
鲁BH972U,本田
鲁BV389U,大众出租车
鲁BG0965,大众出租车
鲁BP3E07,别克
鲁B8BG96,标致
鲁B8BG96,标致
鲁BU827C,奔驰
鲁UL8668,奥迪
鲁B3R987,大众家用车
鲁BL507J,日产
鲁BR9P16,别克
鲁UT7595,大众出租车
鲁BQ108J,长安面包车
鲁B178U8,荣威
鲁BV5885,黄牌卡车
鲁B7Q283,五菱
鲁S38610,黄牌卡车
鲁BJQ670,日产
鲁BFW069,雪铁龙
鲁B527LG,雪铁龙
鲁BA812K,其他
鲁BVY626,日产越野车
吉ASJ278,大众家用车
鲁BL0187,黄牌卡车
鲁B182M3,长安面包车
鲁B71J09,现代
鲁UQ9252,其他
鲁BXT732,现代
鲁K49979,黄牌大巴
鲁B637R6,五菱
鲁BQ7A93,奇瑞
鲁BD918S,五菱
鲁BV010J,福特
鲁UT1059,大众出租车
鲁QL3781,五菱
鲁BX861Q,现代
鲁B800G2,标致
鲁BB6F08,铃木
鲁B511PQ,奥迪
鲁B377DB,丰田
鲁BX983N,江淮卡车
鲁BP592U,五菱
鲁BG956X,五菱
鲁BQH807,五菱
鲁BJ819J,雪铁龙
鲁BJ819J,雪铁龙
鲁BSN021,五菱
鲁B7H506,马自达
鲁B202E0,东风卡车
鲁B202E0,东风卡车
鲁B976QQ,别克
冀BN6639,黄牌卡车
鲁BA953F,五菱
鲁B7CD87,标致
鲁BN255N,起亚
鲁BMA052,马自达
鲁BG538R,别克
鲁BS226S,五菱
鲁BA7E62,别克商务车
鲁B20F91,五菱
鲁BL5623,黄牌卡车
鲁B80L95,五菱
鲁BF992L,丰田
鲁BM178C,丰田
鲁UTQ031,大众出租车
鲁B0BT66,别克
鲁BT0118,大众出租车
鲁BCK155,奇瑞
鲁BCK155,奇瑞
鲁BCK155,奇瑞
鲁UT9766,大众出租车
鲁B768MD,丰田
鲁B93038,长城
鲁B93038,长城
鲁LJ7980,长安面包车
鲁BS209S,福特
鲁BP529M,起亚
冀A7716U,本田
鲁BT0397,大众出租车
鲁BL285N,大众出租车
鲁BB610N,丰田
鲁BR0K55,福特
鲁AU726J,大众出租车
鲁AU726J,大众出租车
鲁B192DL,日产越野车
鲁BY753V,现代
鲁L28591,黄牌卡车
鲁BR230N,别克
鲁BG762N,雪佛兰
鲁UT2515,大众出租车
鲁BS0253,公交车
鲁BG0H56,大众家用车
鲁BW9U86,现代
鲁BU1V71,五菱
鲁BYY366,本田
鲁Q39K89,丰田
鲁BSL321,其他
鲁BSL321,其他
鲁UT4403,大众出租车
鲁B9CP63,长安面包车
鲁BG2A80,大众出租车
鲁BS307F,现代
鲁B1AC17,五菱
鲁B53D76,五菱
鲁B81W27,荣威
鲁QME938,福田大卡
鲁BJ633U,长安面包车
鲁BP281E,别克商务车
鲁QA3091,黄牌大巴
鲁B225CP,别克
鲁D82892,黄牌卡车
鲁E3Y005,大众家用车
鲁BK0X96,雪佛兰
鲁BDS851,长安面包车
鲁BS3768,黄牌卡车
鲁BNF635,起亚
鲁BFX369,福特
鲁UT5770,大众出租车
鲁BN7W63,现代
鲁B8AM23,雪铁龙
鲁FC6837,黄牌卡车
鲁UT3882,大众出租车
鲁B1EF96,大众出租车
鲁EBK093,雪佛兰
鲁BQ775F,其他
鲁GB3199,公交车
鲁GB3199,公交车
鲁BX722K,大众出租车
鲁BF276B,现代面包车
鲁BF276B,现代面包车
鲁BF276B,现代面包车
鲁B9N093,起亚
鲁BW387L,别克
鲁LAE806,江淮卡车
鲁LAE806,江淮卡车
鲁BA090E,起亚
鲁BA090E,起亚
鲁BT7961,黄牌卡车
鲁BV6T80,福田大卡
鲁BD6Y98,现代
鲁BV823P,其他
鲁BU197D,起亚
鲁BU6M33,其他
鲁B3AC62,福田大卡
鲁BT0100,大众出租车
鲁B356C7,其他
鲁B356C7,其他
鲁UT0149,大众出租车
鲁B57D72,起亚
鲁BE928G,雪佛兰
鲁BH0H13,别克
鲁B989LB,别克
鲁RW108U,五菱
鲁BUX711,江铃
鲁BB9366,黄牌大巴
鲁BL885S,现代
鲁BG2211,黄牌卡车
鲁B66S68,五菱
鲁BG3856,黄牌卡车
鲁BG3856,黄牌卡车
鲁BR5N70,大众家用车
鲁BP3L39,马自达
鲁UT9166,大众出租车
鲁BJG928,现代
鲁BG5A58,长城
鲁BC3W56,现代
粤XAM585,现代
鲁BG0330,黄牌大巴
鲁BY839B,东风面包车
鲁BP110G,福特
鲁GQG580,日产
鲁B106HU,福特
苏G19961,黄牌大巴
鲁B09X99,福特
鲁BY722C,现代
鲁UT4882,大众出租车
鲁B81T97,五菱
鲁B1X921,长安面包车
鲁BS7C15,丰田
鲁BQ9366,丰田
鲁BP6E12,宝马
鲁BS637P,别克
鲁B578GB,奥迪
豫N57816,黄牌卡车
鲁BKL877,丰田
鲁BV2R60,本田
鲁LCK611,奇瑞
鲁LCK611,奇瑞
鲁B207U6,丰田
鲁B207U6,丰田
鲁B026F6,现代
鲁BL7V65,荣威
鲁B77M67,荣威
鲁B9BK36,大众家用车
鲁B9BK36,大众家用车
鲁VP790X,江淮
鲁B679TG,东风
鲁B916AD,日产
鲁NA8898,黄牌大巴
鲁BN316C,现代
鲁B6EM11,奇瑞
鲁BE320H,日产
鲁B262EX,日产越野车
鲁B317Q3,五菱
鲁B6F253,五菱
鲁BH8879,黄牌卡车
鲁BW695N,长安面包车
鲁B81N85,五菱
鲁BFD208,别克
鲁AWK993,比亚迪
鲁B87U12,本田
鲁BC702G,福特
鲁BNH833,雪佛兰
鲁BV985Y,长安面包车
鲁BV985Y,长安面包车
鲁B582GL,长城
鲁B6G563,其他
鲁B6G563,其他
京HJ9922,大众家用车
鲁B50D91,大众家用车
鲁B50D91,大众家用车
鲁B87V85,五菱
鲁B921SM,本田
鲁BBJ713,其他
鲁UT2576,大众出租车
冀DA7907,黄牌卡车
鲁B3CV19,大众出租车
鲁BU821U,福田小卡
鲁BC319V,长安面包车
鲁B13531,别克
鲁BU157B,东风
鲁BU362C,丰田
鲁BS7P85,日产
鲁B89A97,大众家用车
鲁B89A97,大众家用车
鲁BU2B86,一汽卡车
鲁BN8S18,日产
鲁BN5593,公交车
鲁UT7483,大众出租车
鲁B2BG58,福特
鲁BP1N62,大众家用车
鲁BG0333,黄牌大巴
鲁BN9E86,东风卡车
鲁BF271P,别克
冀J5Q359,其他
鲁BF6656,黄牌卡车
京N3X810,现代
鲁B559B0,长安面包车
鲁BF7G58,其他
鲁BW663Y,长安面包车
鲁B39657,黄牌卡车
鲁BP2325,公交车
鲁B896PM,雪佛兰
鲁BW996G,丰田
鲁BE7P13,江铃
鲁B057N2,五菱
鲁B386FD,江淮
鲁B602DH,福特
鲁BUQ082,其他
鲁BGU063,中华
鲁BM6S29,其他
鲁UT3361,大众出租车
鲁BH053X,奇瑞
鲁BT1530,大众出租车
鲁LCM239,东风面包车
鲁BX9K59,江淮卡车
鲁BX9K59,江淮卡车
鲁BN6W53,长安面包车
鲁B995E8,比亚迪
鲁BH770K,起亚
鲁UT2125,大众出租车
鲁BU1C29,日产
鲁BJ759C,马自达
鲁BJ759C,马自达
鲁BN5608,公交车
鲁B75709,大众出租车
鲁B75709,大众出租车
鲁BG961F,长城
鲁B57B55,长安面包车
鲁BL3V95,江淮
鲁BX393S,福田小卡
鲁YC0961,黄牌卡车
鲁B39752,黄牌卡车
鲁U02970,奥迪
鲁BHM621,比亚迪
鲁S33697,黄牌卡车
鲁BS633J,宝马
鲁BS0280,公交车
鲁B099E0,福田大卡
鲁BU105D,比亚迪
鲁BM563N,福田大卡
鲁BB911L,东风面包车
鲁BRR079,本田
鲁UT6322,大众出租车
鲁SB9976,长安面包车
鲁QA3799,黄牌大巴
鲁BW2K33,长安面包车
鲁B00N35,别克
鲁BQ567N,五菱
鲁BY577Y,东风面包车
鲁BFD369,本田
苏HF9571,黄牌卡车
鲁BR311H,东风面包车
苏GKN069,长城
苏GKN069,长城
鲁B661Y6,现代
豫R61G81,五菱
鲁BH055U,福田大卡
鲁F28367,黄牌大巴
鲁BK3Y53,长安面包车
鲁BH7L63,长安面包车
鲁BS5P36,金杯卡车
鲁BS5P36,金杯卡车
鲁B879N1,起亚
皖AME770,日产
鲁BP919K,江淮
鲁B48025,黄牌卡车
鲁UL7855,福特
鲁B7E500,福特
鲁YLQ776,大众出租车
鲁UT5952,大众出租车
鲁BV899B,日产
鲁BHX867,宝马
鲁QX775W,雪佛兰
鲁BR007Y,金杯面包车
鲁BK0920,黄牌卡车
鲁B37S26,东风面包车
鲁B37S26,东风面包车
鲁B915F1,雪铁龙
鲁B915F1,雪铁龙
鲁B7AK27,雪铁龙
鲁B7AK27,雪铁龙
鲁BB069E,五菱
鲁UT6280,大众出租车
鲁G531H9,雪佛兰
鲁B62968,江淮
鲁B7R555,别克
鲁BY139Y,现代越野车
粤B6XF28,长城
鲁B590F8,现代越野车
鲁B590F8,现代越野车
鲁BJ092E,大众家用车
鲁BJ092E,大众家用车
鲁U87280,江淮面包车
鲁U87280,江淮面包车
鲁BNM757,起亚
鲁B027M8,大众家用车
鲁UT9520,大众出租车
鲁BL783S,大众家用车
鲁BS6109,公交车
鲁BT0389,大众出租车
鲁B9DA07,长安面包车
鲁BK3598,黄牌卡车
鲁BK3598,黄牌卡车
鲁BD2E11,日产
鲁Q061T6,五菱
鲁B157P3,别克商务车
鲁BN6111,黄牌卡车
鲁B3AB31,五菱
冀D86329,黄牌卡车
鲁BQ8883,公交车
鲁BJ0D72,雪铁龙
鲁B9BB21,丰田
鲁B37637,黄牌卡车
鲁BEY620,其他
鲁B996SA,大众家用车
鲁BG5159,福特
鲁BH2R87,长城
鲁B85Q58,雪铁龙
鲁B81C92,日产越野车
鲁BC6R75,荣威
鲁BH7E85,现代面包车
鲁BH7E85,现代面包车
鲁B059K3,福田小卡
鲁BX2W27,福田大卡
鲁B52J26,长安面包车
鲁BS997S,哈飞
鲁BN2T52,东风面包车
鲁BY809J,福特
鲁B2AT51,长安面包车
鲁BW0U06,别克
鲁G23396,黄牌卡车
鲁B8CM66,五菱
鲁K80731,黄牌大巴
鲁UC6385,五菱
鲁B5N133,五菱
鲁YRE650,别克商务车
鲁YRE650,别克商务车
鲁BX886H,东风卡车
鲁B323CP,雪佛兰
鲁BW929G,现代越野车
鲁BM206T,东风面包车
鲁BLQ207,起亚
鲁B1743学,大众出租车
鲁BU8K17,大众家用车
鲁K32878,黄牌卡车
鲁BE782G,本田
鲁BE928K,其他
京B55099,黄牌卡车
鲁BP2680,公交车
鲁BL6M85,福特
鲁UT0732,大众出租车
鲁B89J91,奥迪
鲁BH507G,金杯卡车
鲁BN370C,现代越野车
鲁BUM219,东风面包车
鲁BL1057,黄牌卡车
鲁VZ331K,大众家用车
鲁VZ331K,大众家用车
鲁BT0322,大众出租车
鲁B9AP68,其他
鲁BS1T80,五菱
鲁BE6H75,东风面包车
鲁B538V5,现代
鲁BHM752,长安面包车
鲁BGU713,五菱
鲁BGU713,五菱
鲁BM121Q,起亚
鲁BC202H,现代
鲁BNL867,现代
鲁BD2X72,现代越野车
鲁BL167Y,福田小卡
京N772C8,丰田
鲁BV7N55,一汽卡车
鲁BXG791,马自达
鲁BT2317,黄牌卡车
鲁YD7183,日产
鲁BQ076X,大众出租车
鲁BQ076X,大众出租车
鲁B253X2,江淮
鲁Q84362,其他
鲁B39U68,大众家用车
鲁B65G93,长安面包车
鲁B993JS,福特
鲁UT5354,大众出租车
鲁BS0757,黄牌卡车
鲁BF865J,日产越野车
鲁BU1L21,江淮
吉HH9239,日产越野车
鲁B316D8,日产越野车
鲁B997D1,长安面包车
鲁BW636A,雪佛兰
鲁B1AM22,雪佛兰
鲁UT0832,大众出租车
鲁B989EW,长城
鲁B989EW,长城
鲁B989EW,长城
鲁BT0082,大众出租车
鲁BB776B,其他
鲁BB776B,其他
鲁BJ3G77,其他
鲁B36987,黄牌大巴
鲁BN221S,江淮
鲁BM503V,标致
鲁BWS920,长安面包车
鲁BN779N,东风
鲁BX307G,大众家用车
鲁UQ0682,其他
冀DH8310,黄牌卡车
鲁Q7P918,福田小卡
鲁B302B6,五菱
鲁BM938Q,江铃
鲁BS6769,黄牌卡车
鲁BU9L53,现代
鲁B101EP,长城
鲁BFW360,五菱
鲁JS1536,大众家用车
鲁YM0982,大众家用车
鲁UT9726,大众出租车
鲁Q06F58,五菱
鲁BG0S83,五菱
鲁BR2N79,雪铁龙
鲁BQ320D,大众家用车
鲁BY202G,五菱
鲁B69K50,五菱
鄂A0K763,奥迪
鲁B8EQ65,大众出租车
鲁B8EQ65,大众出租车
鲁YGK883,长城
鲁BQ881F,雪佛兰
鲁BV3373,黄牌卡车
鲁BS013R,五菱
鲁BCE380,五菱
鲁UT5588,大众出租车
鲁BG282X,福特
鲁BK3P10,大众家用车
鲁B9K887,黄牌大巴
鲁BC3T82,福田小卡
鲁K9U891,现代
鲁B92V86,雪铁龙
鲁BLN755,雪铁龙
鲁BLN755,雪铁龙
鲁M33N29,江淮
吉HT6870,公交车
鲁H098M2,比亚迪
鲁BBR565,东风面包车
鲁BQ5G95,福田小卡
鲁QQM056,长安面包车
鲁B0AN05,福田小卡
鲁BU736B,长安面包车
鲁YG6265,起亚
鲁BA2Q19,马自达
鲁B851CK,别克商务车
鲁BM510V,大众家用车
鲁BR9X29,雪佛兰
鲁BR9362,黄牌卡车
鲁B261EF,大众出租车
鲁B261EF,大众出租车
鲁U55872,长安面包车
鲁BH109S,五菱
鲁BM531Y,福特
鲁BU8L30,江淮
鲁UL3737,起亚
鲁BU5810,黄牌卡车
鲁BQ2D92,东风
鲁G1316Y,现代
鲁B6AX38,东风
鲁BY862J,雪佛兰
鲁UT3918,大众出租车
鲁BX2W27,福田大卡
鲁BF606Q,福田大卡
鲁BG5010,黄牌卡车
鲁UT5793,大众出租车
鲁B63T72,长安面包车
鲁UT7589,大众出租车
鲁B095N9,大众家用车
鲁B637X6,福田小卡
冀JPC187,大众家用车
鲁BE859R,长安面包车
鲁BUV851,日产
鲁BP505M,大众家用车
鲁BP505M,大众家用车
鲁Q08L96,长安面包车
鲁BKR218,其他
鲁BX8M55,雪铁龙
鲁BG1586,黄牌大巴
鲁BD9L07,现代
鲁BD9L07,现代
鲁UT3168,大众出租车
鲁QF601G,长安
鲁UQ1028,江淮面包车
鲁UQ1028,江淮面包车
鲁UQ1028,江淮面包车
鲁BXS365,奇瑞
鲁BX600X,江铃
冀A8237T,大众家用车
鲁UY8605,五菱
鲁BK639E,起亚
鲁BWM136,长安面包车
鲁B16T51,福特面包车
鲁B1BL81,福特
鲁BA032P,比亚迪
鲁M08588,黄牌卡车
鲁BGD209,江铃
鲁Q700P5,长城
鲁BP795C,五菱
鲁BP9M80,荣威
鲁UT6039,大众出租车
鲁B919N7,雪铁龙
鲁UT6035,大众出租车
鲁B3DY79,雪佛兰
鲁B086B7,金杯面包车
鲁BV5590,东风面包车
鲁VQH132,长城
鲁BW019P,比亚迪
鲁B3CD93,大众家用车
鲁BQT556,五菱
鲁BS257V,五菱
鲁BW0L67,奇瑞
鲁BW0L67,奇瑞
鲁U50633,丰田
鲁BC262M,长安面包车
鲁BY788B,五菱
冀EP0002,本田
鲁P9F259,江淮卡车
鲁FD1865,黄牌大巴
鲁B586Q1,雪铁龙
鲁B13Q56,福田大卡
鲁B13Q56,福田大卡
鲁BN9G11,标致
鲁BC837J,福田大卡
鲁B701KX,日产
鲁BQP117,雪佛兰
鲁B0BS53,日产
鲁BJ7920,黄牌卡车
鲁BR883N,大众出租车
鲁BR883N,大众出租车
鲁B532Q7,五菱
鲁BC6Y35,其他
鲁BX307G,大众出租车
鲁BGL678,日产
鲁UT0906,大众出租车
鲁B773H8,别克
鲁BU9K19,江淮卡车
鲁BG7M07,江淮
鲁B7V181,丰田
鲁B7V181,丰田
苏G25485,黄牌卡车
鲁U98669,公交车
鲁UT3790,大众出租车
鲁H966F5,东风面包车
鲁B150W6,江淮卡车
鲁BV770X,雪铁龙
鲁BF0Y65,别克
鲁BJ0D75,其他
鲁BW200T,其他
鲁BW200T,其他
鲁B72K32,长安面包车
鲁Q33809,五菱
鲁QJ2719,长安面包车
鲁GM9890,黄牌大巴
鲁UT1861,大众出租车
鲁B80Y88,起亚
豫PPE860,东风面包车
鲁B67M55,别克
鲁UT2152,大众出租车
鲁CGP929,雪铁龙
鲁BY3M52,大众出租车
鲁BY3M52,大众出租车
鲁B12755,福田大卡
鲁BB685C,江铃
鲁B1AX57,五菱
鲁B050B7,本田
鲁BJ291D,长城
鲁B661PW,长城
鲁B726C3,长安面包车
鲁BN9L79,现代越野车
鲁BG207A,标致
鲁B1AY87,金杯卡车
鲁B1AY87,金杯卡车
鲁BX071P,长城
鲁BP102H1,宝马
鲁UT5165,大众出租车
鲁B865QA,雪铁龙
鲁B7AB96,五菱
鲁B321D0,大众出租车
鲁B321D0,大众出租车
鲁BY5E32,别克
鲁BLA899,大众出租车
鲁BLA899,大众出租车
鲁F89L79,本田
鲁B599RY,马自达
鲁BN2020,黄牌卡车
鲁BB8D72,比亚迪
鲁BR0A97,起亚
鲁BS7121,黄牌卡车
鲁BSA021,比亚迪
鲁BK7T71,长城
鲁RG2636,黄牌卡车
鲁B511DW,福特
鲁BYT087,福田小卡
鲁BY865X,长城
鲁BKA620,丰田
鲁B135QQ,福特
鲁B7DP21,马自达
鲁YH7499,黄牌卡车
鲁B89H62,奇瑞
鲁J33370,五菱
冀JST029,长城
鲁BA568E,福特
鲁BV611E,起亚
鲁UT3751,大众出租车
鲁UW4189,马自达
鲁UT1272,大众出租车
鲁UTQ206,大众出租车
鲁B229GR,起亚
鲁B39H09,宝马
鲁BPV716,五菱
鲁BC8166,江淮卡车
鲁BPD035,现代
鲁B079Y3,长安面包车
鲁BN925K,现代
鲁BJ1U78,五菱
鲁BS6819,黄牌卡车
鲁BY581K,五菱
鲁B3CV80,福田大卡
鲁B3CV80,福田大卡
鲁BC5310,黄牌卡车
黑A59F58,日产
鲁BU5327,黄牌卡车
京AK4568,黄牌卡车
鲁BG2163,公交车
鲁BM2929,黄牌卡车
鲁B1DQ66,比亚迪
鲁B922V7,日产越野车
鲁UT1001,大众出租车
鲁B7CU93,五菱
鲁BN235W,雪佛兰
鲁BQ8F91,大众家用车
鲁BV918B,江淮卡车
鲁BU327G,福田小卡
鲁BQ8876,公交车
鲁BWP863,大众家用车
鲁BQ650E,宝马
鲁B939CM,本田
鲁B585GY,五菱
鲁YV3288,现代
鲁BT0162,大众出租车
鲁B0CJ08,其他
鲁B0DL80,其他
鲁BU796C,丰田
鲁B123F8,起亚
鲁B123F8,起亚
鲁B166FL,日产
鲁UT1601,日产
皖J04312,黄牌卡车
鲁AE039F,标致
鲁B3DS59,长安面包车
鲁BQ2K55,别克
鲁B63B33,日产
鲁BX6R25,五菱
鲁BA681B,本田
鲁UT3415,大众出租车
鲁BA565K,五菱
鲁BLE105,五菱
鲁B276ME,大众出租车
鲁BT1060,大众出租车
鲁UTQ059,大众出租车
鲁GB3887,黄牌大巴
鲁B32Y36,现代
鲁BL1P51,起亚
冀JN9852,黄牌卡车
鲁B790J8,现代
鲁BY8M38,福特面包车
鲁B59W35,福田小卡
鲁B9AJ37,现代越野车
鲁B586RS,长安
鲁B7X253,其他
鲁VSS321,别克
鲁BC089Y,中华
鲁BPM898,起亚
鲁B097LU,大众出租车
鲁BA890N,丰田
鲁B511HN,福特
鲁B7K158,现代
鲁BDG175,日产越野车
鲁B081FR,其他
鲁B081FR,其他
鲁BJ8G03,大众出租车
鲁BK3E37,日产
鲁B3BV37,江铃
鲁B98T55,东风
鲁BR2D15,别克商务车
鲁B19C10,长安面包车
鲁YA8088,比亚迪
鲁B3EL78,雪佛兰
鲁BV7C03,江淮
鲁BM9G68,比亚迪
鲁BM9G68,比亚迪
鲁B81Q29,荣威
鲁JQ9582,五菱
鲁B088N3,五菱
鲁B088N3,五菱
鲁B828AG,本田
鲁UT7023,大众出租车
鲁BJS128,宝马
鲁GY103C,现代
鲁BM178C,福田小卡
鲁BK987M,长安面包车
鲁B9AC73,金杯卡车
鲁BR170A,五菱
鲁B90R05,日产越野车
鲁BS778L,福特
鲁B09P82,现代
鲁BM3289,黄牌卡车
鲁B5T201,雪佛兰
鲁UT3105,大众出租车
鲁UTQ105,大众出租车
鲁B665M8,其他
鲁BR818H,大众家用车
苏CUN809,奇瑞
鲁BY093N,福田大卡
鲁BY093N,福田大卡
鲁B68N87,大众家用车
鲁B68N87,大众家用车
鲁B099PL,雪佛兰
鲁F5C980,标致
鲁HE2560,黄牌大巴
鲁B50N23,丰田
鲁BY6U93,大众家用车
鲁BY6U93,大众家用车
鲁BD826F,大众家用车
鲁B57263,黄牌卡车
鲁BPY597,奥迪
鲁BY368G,金杯卡车
鲁BQ337Q,起亚
鲁BH061Y,福特
鲁BW1P79,五菱
鲁BF8M15,五菱
鲁BA522H,日产
鲁BX3W86,东风面包车
鲁UT5620,大众出租车
鲁BT1101,大众出租车
鲁BK269L,奔驰
鲁CD3432,黄牌卡车
鲁BSQ851,福田小卡
鲁VHZ196,中华
鲁VJ8015,黄牌卡车
鲁BS371P,东风
鲁B29P23,日产
鲁B29P23,日产
陕FME777,大众家用车
鲁BJ3205,黄牌卡车
鲁BH381U,现代
鲁BK1B25,现代
鲁S33667,黄牌卡车
鲁BJ8067,黄牌卡车
鲁B766BW,宝马
鲁B766BW,宝马
鲁UF7188,福特
鲁BA767U,日产越野车
鲁B1AM98,哈飞
鲁B1AM98,哈飞
鲁B99E55,江淮
鲁B36T02,福田小卡
鲁B36T02,福田小卡
鲁BG795A,日产
鲁BM7C96,江淮面包车
鲁BM7C96,江淮面包车
鲁B6CK98,雪佛兰
鲁BR919M,别克商务车
鲁UT0089,大众出租车
鲁D907E1,大众家用车
鲁BG8B01,大众家用车
鲁BX896X,福田大卡
鲁BM1G05,金杯面包车
鲁B92Q25,别克
鲁BN109S,别克商务车
鲁BXH079,大众出租车
鲁B306AE,大众家用车
鲁B099ST,大众家用车
鲁B099ST,大众家用车
鲁B0BN11,起亚
鲁BT0234,大众出租车
鲁B73V83,丰田
鲁B923CS,长城
鲁BL980N,五菱
鲁BY7W96,福田小卡
鲁B7T789,奔驰
鲁BY539N,其他
鲁BA628X,日产
鲁VMK601,黄牌卡车
鲁BW5P87,一汽卡车
鲁UT5173,大众出租车
沪DR2462,别克
鲁B809E2V,其他
鲁BQ9639,起亚
鲁BE973Y,起亚
鲁B57L88,日产越野车
鲁UY8895,江淮面包车
鲁BKS552,五菱
鲁BPQ615,东风面包车
鲁BC161Y1,奇瑞
鲁BH9587,黄牌卡车
鲁BC585U,丰田
鲁Y7V982,起亚
鲁Y7V982,起亚
鲁UT5133,大众出租车
鲁BE759T,别克
鲁B97A82,长安面包车
鲁BW3C98,大众出租车
鲁BW3C98,大众出租车
鲁UT7830,大众出租车
鲁BT0650,大众出租车
鲁RNB195,日产
鲁UT9213,大众出租车
鲁U77792,中华
鲁B333M3,奥迪
鲁B779JU,丰田
鲁BEY539,丰田
鲁B176PQ,日产
冀RCT125,奇瑞
鲁B2DA99,奇瑞
鲁BW862Q,大众家用车
鲁BW862Q,大众家用车
鲁B2CG66,五菱
鲁BYY919,雪铁龙
鲁BYY919,雪铁龙
苏GJX713,江淮
鲁B87C20,奥迪
鲁BUP780,福田大卡
鲁BW8V79,五菱
鲁BC1S93,大众家用车
鲁A230EG,五菱
豫SQ9439,长安面包车
鲁B9BU16,大众家用车
鲁BS866C,起亚
鲁UT6359,大众出租车
鲁BK3598,福田大卡
鲁BK3598,福田大卡
鲁B5CC60,大众家用车
鲁B5CC60,大众家用车
鲁BH9L27,日产
鲁BBJ271,五菱
鲁B37008,黄牌大巴
鲁BL511F,其他
鲁BL511F,其他
沪C2M647,大众出租车
鲁BH672P,雪铁龙
鲁BH672P,雪铁龙
鲁BT1086,大众出租车
鲁B556AB,标致
鲁BX878U,起亚
鲁BK1039,金杯面包车
鲁B026K6,其他
鲁BQ5C70,其他
鲁MEJ809,标致
JL12702,大众出租车
JL12702,大众出租车
鲁B00A69,雪佛兰
鲁BR827R,大众家用车
鲁B2EJ56,别克
鲁B736P2,别克
鲁BLX559,马自达
鲁BC852Q,别克
鲁B9CF71,雪铁龙
鲁B965MW,福特
鲁BR2X20,福田大卡
鲁BR1D89,大众家用车
鲁BEY978,起亚
鲁BP2728,公交车
鲁GDQ196,大众家用车
鲁UT7871,大众出租车
鲁YD4695,大众家用车
鲁B830DT,大众家用车
鲁BJ3F56,长城
鲁BR986M,福特
鲁B17369,黄牌大巴
鲁BUH926,别克
鲁L25239,黄牌卡车
鲁UT2184,大众出租车
鲁BN5603,公交车
鲁B89J83,奥迪
鲁YGG259,东风面包车
鲁B655AM,福特
鲁B38Q18,东风面包车
鲁BC781S,别克
鲁B21V69,福田大卡
鲁BP516E,江铃
鲁UT6366,大众出租车
鲁B822FD,东风面包车
鲁K67233,黄牌大巴
鲁B3AM52,比亚迪
鲁J77447,长城
鲁BL087S,荣威
鲁BAJ237,日产
鲁BN128H,长城
鲁BN128H,长城
鲁BN128H,长城
鲁BL6603,黄牌卡车
鲁B69592,黄牌卡车
鲁BUK621,雪铁龙
鲁BY5C77,雪铁龙
鲁LLX239,长安面包车
鲁BL988H,五菱
鲁UN2006,现代
鲁BJ0M90,大众出租车
鲁B31K28,大众家用车
鲁RD1220,五菱
鲁BN072D,日产
鲁BK968M,长城
鲁YAD526,本田
鲁BG867P,福特
鲁FP0851,黄牌大巴
鲁L25387,长安面包车
鲁B010NX,福特
鲁BT0345,大众出租车
鲁BK037S,长城
鲁BT0267,大众出租车
鲁UE1299,别克
鲁BL726B,长城
鲁HLD886,大众出租车
鲁BC9C73,别克
鲁BJ1A65,大众家用车
鲁FBY579,现代
鲁B67A95,长安面包车
鲁BF3G79,金杯面包车
鲁BF3G79,金杯面包车
鲁BED580,福田小卡
鲁BQQ501,比亚迪
鲁BC099Q,长安面包车
鲁BT1135,大众出租车
鲁BCC652,本田
鲁BS270P,别克商务车
鲁B262H2,东风面包车
鲁BF026C,丰田
鲁BB260T,大众家用车
鲁BB260T,大众家用车
鲁B6L510,别克
鲁B83X96,福特
鲁B5D886,大众家用车
鲁BC202H,现代
鲁BH7U57,长安面包车
鲁B897Y7,大众家用车
鲁VJ535M,现代面包车
鲁BPN708,丰田
鲁B975FQ,雪佛兰
鲁BP516F,大众家用车
鲁BP516F,大众家用车
鲁B588NH,起亚
鲁CE6127,黄牌大巴
鲁B1BP17,起亚
鲁B309BH,福特
鲁B3F031,别克
鲁S38671,黄牌卡车
浙C396AB,宝马
鲁BUJ602,起亚
鲁B181E6,标致
鲁B181E6,标致
鲁BE2M81,宝马
鲁BG776Y,福田大卡
鲁BW5C76,别克
苏J8B661,丰田
鲁BE689F,福田大卡
鲁B6CR50,日产
鲁B0666学,大众家用车
鲁B0666学,大众家用车
鲁B290H7,雪铁龙
鲁BX661C,一汽卡车
鲁BN2777,丰田
鲁UT1865,大众出租车
鲁B3CS92,江铃
鲁B99E10,其他
鲁BF6D79,雪铁龙
冀F8G556,现代越野车
鲁BE7825,黄牌卡车
鲁B2S851,其他
鲁BRD705,标致
鲁B12D25,长安面包车
鲁BX5Y80,长安面包车
鲁UT5725,大众出租车
鲁BN095X,大众出租车
鲁BN095X,大众出租车
鲁BD5G88,日产越野车
鲁B088AA,其他
鲁B088AA,其他
鲁BT0166,大众出租车
鲁BD982C,大众家用车
鲁B532GQ,大众家用车
鲁B532GQ,大众家用车
鲁BM555X,宝马
鲁BC501Q,现代越野车
鲁BPD715,宝马
鲁BM223C,福田小卡
鲁B960CC,丰田
鲁BM8371,金杯卡车
鲁UT4863,大众出租车
鲁BG258S,其他
鲁BG258S,其他
鲁QU592P,现代
鲁B16U35,东风面包车
鲁BE675C,五菱
鲁B80N95,大众家用车
鲁UT6716,大众出租车
鲁BJ58104,黄牌卡车
鲁B202TD,奥迪
鲁UT3871,大众出租车
鲁BP3387,黄牌卡车
鲁G8H156,福田大卡
鲁BH316Y,起亚
鲁BW270R,现代
浙DJU159,长安面包车
鲁B737M5,其他
鲁B00682,本田
鲁BP917Q,五菱
鲁BVC810,雪佛兰
鲁BM6R67,长安面包车
鲁BB2J15,标致
鲁UT4180,大众出租车
鲁UT7226,大众出租车
鲁BM8622,黄牌卡车
鲁BC913A,五菱
鲁BV6366,黄牌卡车
鲁BS8W69,东风面包车
鲁CV8396,奥迪
鲁BL0519,黄牌卡车
鲁FBC113,大众出租车
鲁V0Y099,雪佛兰
鲁BN9115,黄牌卡车
鲁BN0J97,大众家用车
鲁M85071,黄牌卡车
鲁BV7R16,大众家用车
鲁B60W67,长安面包车
鲁BL192Q,大众出租车
鲁BV715Y,东风面包车
鲁BQ5830,黄牌卡车
鲁B7H506,马自达
鲁BP5926,黄牌卡车
鲁UT0745,大众出租车
鲁BS603R,长城
苏CR7186,黄牌卡车
鲁BNK891,现代
鲁BS0008,奔驰
鲁B2AC66,大众出租车
鲁B2AC66,大众出租车
鲁BQM138,五菱
鲁BQ8C68,日产越野车
鲁BS9F32,长安面包车
鲁BR069K,马自达
鲁BR069K,马自达
鲁BE986U,福田小卡
鲁BP3236,金杯面包车
鲁BX0339,本田
鲁B920C5,起亚
鲁BK9657,黄牌大巴
鲁BG225F,福田大卡
鲁B89F87,本田
鲁BB212T,奥迪
鲁BV321X,本田
鲁BP6H77,马自达
鲁BP6H77,马自达
鲁BH593H,福特
鲁BH650P,起亚
鲁VD537S,日产
鲁BL377H,五菱
鲁BC2F10,现代
鲁UT5593,大众出租车
鲁BV1D26,金杯卡车
冀JE2820,黄牌卡车
鲁B6BR78,福田大卡
鲁U98328,公交车
鲁BSL361,现代
鲁B002Q3,哈飞
鲁BB3F23,别克商务车
鲁BJ205H,别克
鲁UTQ189,大众出租车
鲁BG621D,长安面包车
鲁BC6X55,五菱
鲁B7G768,丰田
鲁BG0396,黄牌大巴
鲁BY073H,其他
鲁BY073H,其他
鲁B909N6,雪铁龙
鲁BUR787,本田
鲁BY522D,起亚
鲁BJU888,奔驰
鲁UT5223,大众出租车
鲁B990CY,雪铁龙
鲁BLE296,五菱
鲁VD896V,本田
鲁BN2J70,江淮
鲁BM9F97,长城
鲁BG500S,比亚迪
鲁B3R987,大众出租车
鲁B9AF77,大众家用车
鲁BJ906C,马自达
鲁BDS979,五菱
鲁BU315K,长安面包车
鲁UT0287,大众出租车
鲁UT9755,大众出租车
鲁BU8L30,江淮
鲁BE2N17,长城
鲁B579GE,奥迪
鲁BG0378,黄牌大巴
鲁B591K8,长安
鲁B591K8,长安
鲁B988SW,宝马
鲁BR6E28,福特
鲁BR2067,黄牌卡车
鲁BT3329,黄牌大巴
鲁B258JU,大众家用车
鲁B258JU,大众家用车
鲁UT7036,大众出租车
鲁BFS733,东风面包车
鲁BP656D,福田大卡
鲁B227T8,大众出租车
鲁KE335N,别克商务车
鲁KE335N,别克商务车
鲁B99657,日产
鲁B8CL33,大众家用车
鲁BMD816,起亚
鲁BT1180,大众出租车
鲁BS0G68,五菱
鲁BU6G87,长安面包车
鲁QA4432,其他
鲁BJ705R,东风面包车
鲁UT3274,大众出租车
鲁BS572L,雪铁龙
鲁B858T3,日产
鲁BL382W,本田
鲁B9W188,中华
鲁B9W188,中华
鲁UT0855,大众出租车
鲁BJ266S,东风面包车
鲁BT1286,大众出租车
鲁BQY811,日产越野车
鲁BQY811,日产越野车
鲁B050DW,福特
鲁B237BN,大众出租车
鲁B237BN,大众出租车
黑LBG893E,黄牌卡车
鲁GFA557,福田大卡
鲁BL5626,黄牌卡车
鲁UT9207,大众出租车
鲁BPQ565,福特面包车
鲁BPQ565,福特面包车
鲁BR065U,本田
鲁B96560,奥迪
鲁BCD1571,金杯卡车
鲁BQ890Y,福田小卡
鲁UT9621,大众出租车
鲁B973H7,长安面包车
鲁B102HQ,其他
鲁B636H1,现代面包车
鲁B096ND,大众家用车
鲁B096ND,大众家用车
鲁BR9221,公交车
鲁BGT626,马自达
鲁UT5904,大众出租车
鲁BE8177,黄牌卡车
鲁BL9C76,长城
鲁BD985S,五菱
鲁B0CF60,福特面包车
鲁BW092F,东风面包车
鲁BA3E25,大众家用车
鲁BS1J36,本田
鲁BQ1707,黄牌卡车
鲁BR6E17,福特
鲁B1AY99,东风面包车
鲁BD799J,别克
鲁FG5118,黄牌卡车
鲁B9K887,丰田
鲁BG090T,五菱
鲁BE529B,长安面包车
鲁UT2716,大众出租车
鲁B997TF,丰田
鲁UT1275,大众出租车
鲁BW019P,比亚迪
鲁JD5983,现代
鲁BM505J,五菱
鲁BN2777,丰田
鲁B96B09,比亚迪
鲁B328TC,起亚
鲁B90625,别克商务车
鲁B26V22,起亚
鲁BU6V78,长安面包车
鲁BDW678,起亚
鲁BJ329S,其他
鲁B783M2,长安面包车
鲁UT2521,大众出租车
鲁BT1474,大众出租车
鲁BF865J,日产越野车
鲁BVL911,起亚
鲁UT7733,大众出租车
鲁BN555D,五菱
鲁BM591B,雪佛兰
鲁BV787J,奥迪
鲁B013W8,本田
鲁B5BT58,长城
鲁BM7A73,本田
鲁BK6E63,奔驰
鲁BW5S85,东风面包车
鲁BU8L73,江淮
鲁BV2K90,五菱
鲁UT6719,大众出租车
鲁BN0205,公交车
鲁ANQ303,福特面包车
鲁UT3179,大众出租车
鲁B279AP,丰田
鲁LQ7287,日产越野车
鲁BB139T,五菱
鲁B705M8,奇瑞
豫JB8858,丰田
鲁B01U23,大众家用车
鲁YA7828,东风面包车
鲁B863B8,大众家用车
鲁BJ220T,长城
鲁JQ9582,五菱
鲁UT6652,大众出租车
鲁BF085C,江淮
鲁BSC975,别克商务车
鲁BSC975,别克商务车
鲁C10738,黄牌卡车
鲁BN6B73,宝马
鲁BSJ589,日产
鲁BM382Q,哈飞
鲁B110E1,本田
鲁B110E1,本田
鲁B156Y1,奇瑞
鲁BP889J,日产
鲁B923LP,长城
鲁BQ2978,黄牌卡车
鲁UT5172,大众出租车
鲁UT7097,大众出租车
鲁BV099M,福特面包车
鲁UT6755,大众出租车
鲁UT2361,大众出租车
鲁B7U227,其他
鲁BH182W,其他
鲁B336L8,别克
鲁U75323,其他
鲁BS0N37,长安面包车
苏FHQ183,马自达
鲁B366NF,宝马
鲁B73V83,丰田
鲁BP1073,黄牌卡车
鲁BW110P,雪佛兰
鲁BME986,五菱
鲁UT4671,大众出租车
鲁U96800,公交车
鲁B077KV,现代越野车
鲁BFU870,丰田
鲁BE561T,雪佛兰
鲁BF297M,江淮卡车
鲁BU9K98,长安面包车
鲁BY605U,江淮
鲁BCR057,江铃
鲁B7G930,五菱
鲁BUB920,起亚
京N91N08,丰田
鲁BY3F88,马自达
鲁BY3F88,马自达
鲁BP1G25,雪铁龙
鲁U56680,金杯面包车
鲁BA6H17,长城
鲁BB573G,丰田
鲁B1D103,五菱
鲁B079U5,本田
鲁VG279Y,日产
鲁B6AD09,江铃
鲁B9C231,其他
鲁B9C231,其他
鲁UT1666,大众出租车
鲁BQ2D09,五菱
鲁B81R95,本田
鲁B95L77,东风
鲁BF9B61,丰田
鲁BJF262,福田大卡
鲁B38U62,铃木
鲁GZ909W9,福田大卡
鲁BP2626,奥迪
鲁BF377M,福特
鲁BGB756,五菱
鲁B601LE,马自达
浙BNZ856,长城
鲁BLW721,长安面包车
鲁FCG895,福田大卡
鲁B05Q68,福田小卡
鲁BHK091,雪佛兰
鲁B2U627,雪佛兰
鲁B7AY65,现代
鲁QP286D,福田大卡
鲁BC536U,大众家用车
鲁BC536U,大众家用车
鲁CC891C,福田大卡
鲁QW9775,黄牌卡车
粤LBG8365,黄牌卡车
鲁BM0328,黄牌卡车
鲁BG558C,比亚迪
鲁GM609A,日产
鲁BH833Y,雪铁龙
鲁B052B7,本田
鲁B18316,黄牌卡车
鲁B18316,黄牌卡车
鲁BA931R,丰田
鲁BN6D87,雪佛兰
鲁BN5S97,宝马
鲁BN5S97,宝马
鲁BQY932,福特
鲁UT7057,大众出租车
鲁BH5F05,长安面包车
鲁B901Y3,一汽面包车
鲁BH891L,五菱
鲁BL117G,起亚
鲁G286U3,福特
鲁BF6536,黄牌卡车
鲁F23703,黄牌大巴
鲁QP763V,五菱
鲁UT4412,大众出租车
鲁U79138,本田
鲁U79138,本田
鲁BWB606,大众家用车
鲁UT0170,大众出租车
鲁BR5927,黄牌卡车
鲁BR5927,黄牌卡车
鲁BNB503,大众出租车
鲁BNB503,大众出租车
鲁BMM223,别克
鲁QPB007,长城
冀J565BT,长城
鲁UT7712,大众出租车
鲁UQ9668,日产
鲁BS0298,公交车
鲁BW8A76,金杯卡车
鲁BB2H25,一汽面包车
鲁BSM088,其他
鲁B8AW12,五菱
鲁BN058G,五菱
鲁VA688C,起亚
鲁BA208T,大众出租车
鲁BA208T,大众出租车
鲁BJ1368,黄牌卡车
鲁BW5G93,中华
鲁BW5G93,中华
鲁BT0337,大众出租车
鲁BL6631,黄牌卡车
鲁B17366,黄牌大巴
鲁B28793,黄牌卡车
鲁B3CA89,东风面包车
鲁UT9935,大众出租车
鲁BX1M20,东风
鲁BX1M20,东风
鲁UT4427,大众出租车
鲁UT1758,大众出租车
鲁BW689W,雪铁龙
鲁BW689W,雪铁龙
鲁BS727C,长安面包车
鲁BS727C,长安面包车
鲁U33051,长安面包车
鲁UT6164,大众出租车
鲁BU935X,起亚
鲁BY663E,大众出租车
鲁BY663E,大众出租车
冀BX6390,黄牌卡车
鲁BA5J69,大众家用车
鲁BQ539N,五菱
鲁BG5107,黄牌卡车
鲁B3BQ30,五菱
鲁BWB001,别克
鲁BWB001,别克
鲁AWK993,现代越野车
鲁BT0552,大众出租车
鲁BX1Y12,雪铁龙
鲁AVR272,宝马
鲁B5W762,别克
鲁B99L30,本田
鲁UTA185,大众出租车
鲁BF036U,雪佛兰
鲁GT266U,金杯面包车
鲁UT6041,大众出租车
鲁B932F8,奇瑞
鲁B19918,奥迪
鲁BQ2688,黄牌大巴
鲁B158FY,雪佛兰
鲁BF9619,黄牌大巴
鲁B276QQ,长城
鲁RGK179,五菱
鲁BT1014,大众出租车
鲁BY702J,长城
鲁BY702J,长城
鲁B187H8,其他
鲁BB3G13,其他
鲁BC978L,长安面包车
鲁BC2A20,大众家用车
鲁GG6867,别克
鲁B863GU,大众家用车
鲁B863GU,大众家用车
鲁BK211N,奥迪
鲁BP9R31,雪铁龙
鲁BS9E68,福田大卡
鲁B776RH,长城
鲁BFN606,宝马
鲁BFN606,宝马
鲁B9CF18,本田
鲁BM602E,大众家用车
鲁BF6S19,其他
鲁UT1085,大众出租车
鲁B633EH,奥迪
鲁B128JH,日产
鲁FC6837,黄牌卡车
鲁YLW539,长城
鲁BV360E,江淮卡车
鲁BS090Q,福田大卡
鲁BS090Q,福田大卡
鲁BU6175,其他
陕DA4546,奇瑞
陕DA4546,奇瑞
鲁BW179L,大众出租车
鲁BW179L,大众出租车
鲁BY123S,五菱
鲁QQ697U,丰田
鲁BK895L,日产越野车
鲁B66P11,福特
鲁BR090K,本田
鲁UL0268,福特面包车
鲁BL821X,奇瑞
鲁B7M962,五菱
鲁B1AA279,江淮卡车
鲁B318SU,奇瑞
鲁B318SU,奇瑞
鲁BSY396,长安面包车
鲁BPF879,长安面包车
鲁BP5S80,长城
鲁BP5S80,长城
鲁BH617M,东风
鲁V6H356,福特
鲁BPS201,五菱
鲁J08212,黄牌卡车
鲁BJ6E17,长安面包车
鲁BL5R17,奇瑞
鲁B285CB,现代
鲁B830DT,大众家用车
鲁BP258T,现代越野车
鲁BN5E01,起亚
鲁BQ7U93,东风卡车
鲁BM8U08,奇瑞
鲁UT9870,大众出租车
鲁B9CL70,起亚
鲁UT4018,大众出租车
鲁BQ3Q17,长安面包车
鲁BQ4617,大众家用车
鲁B75T86,江淮
鲁BM952S,五菱
鲁U01864,其他
鲁U01864,其他
鲁B579KJ,大众家用车
鲁BB260T,大众家用车
鲁BB260T,大众家用车
鲁PA4570,黄牌卡车
鲁BQ229Y,五菱
鲁J3M861,大众家用车
鲁B100G7,江淮面包车
鲁B100G7,江淮面包车
鲁B100G7,江淮面包车
鲁BS770A,日产
鲁BX966T,起亚
鲁QPU477,长安面包车
鲁B513P6,别克
鲁B513P6,别克
鲁BQ7X92,长安面包车
鲁BFR180,别克
鲁B169R0,哈飞
